MethodKey,Method,ProtocolKey,Protocol,Class,Precision,Precision_SD,Recall,Recall_SD,F1,F1_SD,Support_Mean,Predicted_Support_Mean
rf_basic10,Random Forest (10 s RSSI summary features),lodo,Leave-one-day-out (Apr11-Apr13),501,0.10301507537688442,0.0,0.10073710073710074,0.0,0.10186335403726708,0.0,407.0,398.0
rf_basic10,Random Forest (10 s RSSI summary features),lodo,Leave-one-day-out (Apr11-Apr13),502,0.35036496350364965,0.0,0.12339331619537275,0.0,0.18250950570342206,0.0,389.0,137.0
rf_basic10,Random Forest (10 s RSSI summary features),lodo,Leave-one-day-out (Apr11-Apr13),503,0.0,0.0,0.0,0.0,0.0,0.0,251.0,39.0
rf_basic10,Random Forest (10 s RSSI summary features),lodo,Leave-one-day-out (Apr11-Apr13),505,0.0,0.0,0.0,0.0,0.0,0.0,33.0,2.0
rf_basic10,Random Forest (10 s RSSI summary features),lodo,Leave-one-day-out (Apr11-Apr13),506,0.6092307692307692,0.0,0.6111111111111112,0.0,0.6101694915254238,0.0,324.0,325.0
rf_basic10,Random Forest (10 s RSSI summary features),lodo,Leave-one-day-out (Apr11-Apr13),508,0.03333333333333333,0.0,0.01020408163265306,0.0,0.015625,0.0,98.0,30.0
rf_basic10,Random Forest (10 s RSSI summary features),lodo,Leave-one-day-out (Apr11-Apr13),510,0.0,0.0,0.0,0.0,0.0,0.0,159.0,116.0
rf_basic10,Random Forest (10 s RSSI summary features),lodo,Leave-one-day-out (Apr11-Apr13),511,0.5247148288973384,0.0,0.3511450381679389,0.0,0.42073170731707316,0.0,393.0,263.0
rf_basic10,Random Forest (10 s RSSI summary features),lodo,Leave-one-day-out (Apr11-Apr13),512,0.6736990154711674,0.0,0.5252192982456141,0.0,0.5902649414664202,0.0,912.0,711.0
rf_basic10,Random Forest (10 s RSSI summary features),lodo,Leave-one-day-out (Apr11-Apr13),513,0.3726235741444867,0.0,0.08499566348655681,0.0,0.1384180790960452,0.0,1153.0,263.0
rf_basic10,Random Forest (10 s RSSI summary features),lodo,Leave-one-day-out (Apr11-Apr13),515,0.5555555555555556,0.0,0.23411371237458195,0.0,0.32941176470588235,0.0,598.0,252.0
rf_basic10,Random Forest (10 s RSSI summary features),lodo,Leave-one-day-out (Apr11-Apr13),516,0.21212121212121213,0.0,0.5384615384615384,0.0,0.30434782608695654,0.0,13.0,33.0
rf_basic10,Random Forest (10 s RSSI summary features),lodo,Leave-one-day-out (Apr11-Apr13),517,0.21428571428571427,0.0,0.1889763779527559,0.0,0.200836820083682,0.0,127.0,112.0
rf_basic10,Random Forest (10 s RSSI summary features),lodo,Leave-one-day-out (Apr11-Apr13),518,0.05555555555555555,0.0,0.015151515151515152,0.0,0.023809523809523808,0.0,132.0,36.0
rf_basic10,Random Forest (10 s RSSI summary features),lodo,Leave-one-day-out (Apr11-Apr13),520,0.7949152542372881,0.0,0.4593535749265426,0.0,0.5822470515207946,0.0,1021.0,590.0
rf_basic10,Random Forest (10 s RSSI summary features),lodo,Leave-one-day-out (Apr11-Apr13),521,0.0,0.0,0.0,0.0,0.0,0.0,2.0,1.0
rf_basic10,Random Forest (10 s RSSI summary features),lodo,Leave-one-day-out (Apr11-Apr13),522,0.5698630136986301,0.0,0.25060240963855424,0.0,0.34811715481171546,0.0,830.0,365.0
rf_basic10,Random Forest (10 s RSSI summary features),lodo,Leave-one-day-out (Apr11-Apr13),523,0.42748351125314477,0.0,0.9365410397735736,0.0,0.5870214752567694,0.0,6713.0,14707.0
rf_basic10,Random Forest (10 s RSSI summary features),lodo,Leave-one-day-out (Apr11-Apr13),cafeteria,0.4531990521327014,0.0,0.3569762015865609,0.0,0.39937353171495693,0.0,4286.0,3376.0
rf_basic10,Random Forest (10 s RSSI summary features),lodo,Leave-one-day-out (Apr11-Apr13),cleaning,0.4516728624535316,0.0,0.3602668643439585,0.0,0.4008247422680412,0.0,1349.0,1076.0
rf_basic10,Random Forest (10 s RSSI summary features),lodo,Leave-one-day-out (Apr11-Apr13),hallway,0.02702702702702703,0.0,0.020761245674740483,0.0,0.023483365949119372,0.0,578.0,444.0
rf_basic10,Random Forest (10 s RSSI summary features),lodo,Leave-one-day-out (Apr11-Apr13),kitchen,0.7150250129377264,0.0,0.4736601531253571,0.0,0.5698377783887819,0.0,8751.0,5797.0
rf_basic10,Random Forest (10 s RSSI summary features),lodo,Leave-one-day-out (Apr11-Apr13),nurse station,0.8043659621802002,0.0,0.7468370772011361,0.0,0.7745347436069085,0.0,7746.0,7192.0
xgb_rich60_kl_full_smote,XGBoost (60 s rich features + KL-full relabeling + SMOTE),lodo,Leave-one-day-out (Apr11-Apr13),501,0.10782241014799154,0.0,0.12530712530712532,0.0,0.1159090909090909,0.0,407.0,473.0
xgb_rich60_kl_full_smote,XGBoost (60 s rich features + KL-full relabeling + SMOTE),lodo,Leave-one-day-out (Apr11-Apr13),502,0.0,0.0,0.0,0.0,0.0,0.0,389.0,160.0
xgb_rich60_kl_full_smote,XGBoost (60 s rich features + KL-full relabeling + SMOTE),lodo,Leave-one-day-out (Apr11-Apr13),503,0.06896551724137931,0.0,0.00796812749003984,0.0,0.014285714285714285,0.0,251.0,29.0
xgb_rich60_kl_full_smote,XGBoost (60 s rich features + KL-full relabeling + SMOTE),lodo,Leave-one-day-out (Apr11-Apr13),505,0.0,0.0,0.0,0.0,0.0,0.0,33.0,87.0
xgb_rich60_kl_full_smote,XGBoost (60 s rich features + KL-full relabeling + SMOTE),lodo,Leave-one-day-out (Apr11-Apr13),506,0.4375,0.0,0.4104938271604938,0.0,0.42356687898089174,0.0,324.0,304.0
xgb_rich60_kl_full_smote,XGBoost (60 s rich features + KL-full relabeling + SMOTE),lodo,Leave-one-day-out (Apr11-Apr13),508,0.0,0.0,0.0,0.0,0.0,0.0,98.0,39.0
xgb_rich60_kl_full_smote,XGBoost (60 s rich features + KL-full relabeling + SMOTE),lodo,Leave-one-day-out (Apr11-Apr13),510,0.12280701754385964,0.0,0.22012578616352202,0.0,0.15765765765765766,0.0,159.0,285.0
xgb_rich60_kl_full_smote,XGBoost (60 s rich features + KL-full relabeling + SMOTE),lodo,Leave-one-day-out (Apr11-Apr13),511,0.4423076923076923,0.0,0.2926208651399491,0.0,0.35222052067381315,0.0,393.0,260.0
xgb_rich60_kl_full_smote,XGBoost (60 s rich features + KL-full relabeling + SMOTE),lodo,Leave-one-day-out (Apr11-Apr13),512,0.6175298804780877,0.0,0.5098684210526315,0.0,0.5585585585585585,0.0,912.0,753.0
xgb_rich60_kl_full_smote,XGBoost (60 s rich features + KL-full relabeling + SMOTE),lodo,Leave-one-day-out (Apr11-Apr13),513,0.4982638888888889,0.0,0.2489158716392021,0.0,0.3319838056680162,0.0,1153.0,576.0
xgb_rich60_kl_full_smote,XGBoost (60 s rich features + KL-full relabeling + SMOTE),lodo,Leave-one-day-out (Apr11-Apr13),515,0.2275449101796407,0.0,0.06354515050167224,0.0,0.09934640522875816,0.0,598.0,167.0
xgb_rich60_kl_full_smote,XGBoost (60 s rich features + KL-full relabeling + SMOTE),lodo,Leave-one-day-out (Apr11-Apr13),516,0.0,0.0,0.0,0.0,0.0,0.0,13.0,15.0
xgb_rich60_kl_full_smote,XGBoost (60 s rich features + KL-full relabeling + SMOTE),lodo,Leave-one-day-out (Apr11-Apr13),517,0.1511627906976744,0.0,0.30708661417322836,0.0,0.2025974025974026,0.0,127.0,258.0
xgb_rich60_kl_full_smote,XGBoost (60 s rich features + KL-full relabeling + SMOTE),lodo,Leave-one-day-out (Apr11-Apr13),518,0.015151515151515152,0.0,0.007575757575757576,0.0,0.010101010101010102,0.0,132.0,66.0
xgb_rich60_kl_full_smote,XGBoost (60 s rich features + KL-full relabeling + SMOTE),lodo,Leave-one-day-out (Apr11-Apr13),520,0.7881481481481482,0.0,0.5210577864838394,0.0,0.6273584905660378,0.0,1021.0,675.0
xgb_rich60_kl_full_smote,XGBoost (60 s rich features + KL-full relabeling + SMOTE),lodo,Leave-one-day-out (Apr11-Apr13),521,0.0,0.0,0.0,0.0,0.0,0.0,2.0,22.0
xgb_rich60_kl_full_smote,XGBoost (60 s rich features + KL-full relabeling + SMOTE),lodo,Leave-one-day-out (Apr11-Apr13),522,0.091324200913242,0.0,0.12048192771084337,0.0,0.1038961038961039,0.0,830.0,1095.0
xgb_rich60_kl_full_smote,XGBoost (60 s rich features + KL-full relabeling + SMOTE),lodo,Leave-one-day-out (Apr11-Apr13),523,0.5474488296934679,0.0,0.8327126471026367,0.0,0.6606003308910423,0.0,6713.0,10211.0
xgb_rich60_kl_full_smote,XGBoost (60 s rich features + KL-full relabeling + SMOTE),lodo,Leave-one-day-out (Apr11-Apr13),cafeteria,0.4002911208151383,0.0,0.44913672421838546,0.0,0.4233095107201759,0.0,4286.0,4809.0
xgb_rich60_kl_full_smote,XGBoost (60 s rich features + KL-full relabeling + SMOTE),lodo,Leave-one-day-out (Apr11-Apr13),cleaning,0.37656529516994636,0.0,0.31208302446256486,0.0,0.341305229023105,0.0,1349.0,1118.0
xgb_rich60_kl_full_smote,XGBoost (60 s rich features + KL-full relabeling + SMOTE),lodo,Leave-one-day-out (Apr11-Apr13),hallway,0.0,0.0,0.0,0.0,0.0,0.0,578.0,759.0
xgb_rich60_kl_full_smote,XGBoost (60 s rich features + KL-full relabeling + SMOTE),lodo,Leave-one-day-out (Apr11-Apr13),kitchen,0.7534754402224282,0.0,0.5574220089132671,0.0,0.6407881773399015,0.0,8751.0,6474.0
xgb_rich60_kl_full_smote,XGBoost (60 s rich features + KL-full relabeling + SMOTE),lodo,Leave-one-day-out (Apr11-Apr13),nurse station,0.782699868938401,0.0,0.7709785695843016,0.0,0.7767950052029137,0.0,7746.0,7630.0
xgb_rich60_symmetric_smote,XGBoost (60 s rich features + symmetric relabeling + SMOTE),lodo,Leave-one-day-out (Apr11-Apr13),501,0.1423076923076923,0.0,0.18181818181818182,0.0,0.15965480043149946,0.0,407.0,520.0
xgb_rich60_symmetric_smote,XGBoost (60 s rich features + symmetric relabeling + SMOTE),lodo,Leave-one-day-out (Apr11-Apr13),502,0.0,0.0,0.0,0.0,0.0,0.0,389.0,53.0
xgb_rich60_symmetric_smote,XGBoost (60 s rich features + symmetric relabeling + SMOTE),lodo,Leave-one-day-out (Apr11-Apr13),503,0.47058823529411764,0.0,0.03187250996015936,0.0,0.05970149253731343,0.0,251.0,17.0
xgb_rich60_symmetric_smote,XGBoost (60 s rich features + symmetric relabeling + SMOTE),lodo,Leave-one-day-out (Apr11-Apr13),505,0.0,0.0,0.0,0.0,0.0,0.0,33.0,12.0
xgb_rich60_symmetric_smote,XGBoost (60 s rich features + symmetric relabeling + SMOTE),lodo,Leave-one-day-out (Apr11-Apr13),506,0.45724907063197023,0.0,0.37962962962962965,0.0,0.4148397976391231,0.0,324.0,269.0
xgb_rich60_symmetric_smote,XGBoost (60 s rich features + symmetric relabeling + SMOTE),lodo,Leave-one-day-out (Apr11-Apr13),508,0.0,0.0,0.0,0.0,0.0,0.0,98.0,96.0
xgb_rich60_symmetric_smote,XGBoost (60 s rich features + symmetric relabeling + SMOTE),lodo,Leave-one-day-out (Apr11-Apr13),510,0.1267605633802817,0.0,0.22641509433962265,0.0,0.16252821670428894,0.0,159.0,284.0
xgb_rich60_symmetric_smote,XGBoost (60 s rich features + symmetric relabeling + SMOTE),lodo,Leave-one-day-out (Apr11-Apr13),511,0.013836239575435937,0.0,0.18575063613231552,0.0,0.02575410125242547,0.0,393.0,5276.0
xgb_rich60_symmetric_smote,XGBoost (60 s rich features + symmetric relabeling + SMOTE),lodo,Leave-one-day-out (Apr11-Apr13),512,0.600265604249668,0.0,0.4956140350877193,0.0,0.542942942942943,0.0,912.0,753.0
xgb_rich60_symmetric_smote,XGBoost (60 s rich features + symmetric relabeling + SMOTE),lodo,Leave-one-day-out (Apr11-Apr13),513,0.363758389261745,0.0,0.23503902862098872,0.0,0.285563751317176,0.0,1153.0,745.0
xgb_rich60_symmetric_smote,XGBoost (60 s rich features + symmetric relabeling + SMOTE),lodo,Leave-one-day-out (Apr11-Apr13),515,0.22988505747126436,0.0,0.06688963210702341,0.0,0.10362694300518134,0.0,598.0,174.0
xgb_rich60_symmetric_smote,XGBoost (60 s rich features + symmetric relabeling + SMOTE),lodo,Leave-one-day-out (Apr11-Apr13),516,0.0,0.0,0.0,0.0,0.0,0.0,13.0,55.0
xgb_rich60_symmetric_smote,XGBoost (60 s rich features + symmetric relabeling + SMOTE),lodo,Leave-one-day-out (Apr11-Apr13),517,0.22459893048128343,0.0,0.33070866141732286,0.0,0.267515923566879,0.0,127.0,187.0
xgb_rich60_symmetric_smote,XGBoost (60 s rich features + symmetric relabeling + SMOTE),lodo,Leave-one-day-out (Apr11-Apr13),518,0.02459016393442623,0.0,0.022727272727272728,0.0,0.023622047244094488,0.0,132.0,122.0
xgb_rich60_symmetric_smote,XGBoost (60 s rich features + symmetric relabeling + SMOTE),lodo,Leave-one-day-out (Apr11-Apr13),520,0.8455284552845529,0.0,0.5093046033300686,0.0,0.6356968215158925,0.0,1021.0,615.0
xgb_rich60_symmetric_smote,XGBoost (60 s rich features + symmetric relabeling + SMOTE),lodo,Leave-one-day-out (Apr11-Apr13),521,0.0,0.0,0.0,0.0,0.0,0.0,2.0,81.0
xgb_rich60_symmetric_smote,XGBoost (60 s rich features + symmetric relabeling + SMOTE),lodo,Leave-one-day-out (Apr11-Apr13),522,0.5255474452554745,0.0,0.08674698795180723,0.0,0.14891416752843847,0.0,830.0,137.0
xgb_rich60_symmetric_smote,XGBoost (60 s rich features + symmetric relabeling + SMOTE),lodo,Leave-one-day-out (Apr11-Apr13),523,0.5160106737825216,0.0,0.4608967674661105,0.0,0.4868990479187977,0.0,6713.0,5996.0
xgb_rich60_symmetric_smote,XGBoost (60 s rich features + symmetric relabeling + SMOTE),lodo,Leave-one-day-out (Apr11-Apr13),cafeteria,0.39227895392278955,0.0,0.44097060195986937,0.0,0.4152021089630931,0.0,4286.0,4818.0
xgb_rich60_symmetric_smote,XGBoost (60 s rich features + symmetric relabeling + SMOTE),lodo,Leave-one-day-out (Apr11-Apr13),cleaning,0.4028520499108734,0.0,0.335063009636768,0.0,0.36584378794010525,0.0,1349.0,1122.0
xgb_rich60_symmetric_smote,XGBoost (60 s rich features + symmetric relabeling + SMOTE),lodo,Leave-one-day-out (Apr11-Apr13),hallway,0.002328288707799767,0.0,0.0034602076124567475,0.0,0.0027835768963117608,0.0,578.0,859.0
xgb_rich60_symmetric_smote,XGBoost (60 s rich features + symmetric relabeling + SMOTE),lodo,Leave-one-day-out (Apr11-Apr13),kitchen,0.7504278823712464,0.0,0.5511370129128099,0.0,0.6355251021214916,0.0,8751.0,6427.0
xgb_rich60_symmetric_smote,XGBoost (60 s rich features + symmetric relabeling + SMOTE),lodo,Leave-one-day-out (Apr11-Apr13),nurse station,0.7823983261409703,0.0,0.7723986573715466,0.0,0.7773663353472358,0.0,7746.0,7647.0
xgb_full60_kl,XGBoost (60 s full-statistics + KL-partial relabeling),lodo,Leave-one-day-out (Apr11-Apr13),501,0.076,0.0,0.04668304668304668,0.0,0.0578386605783866,0.0,407.0,250.0
xgb_full60_kl,XGBoost (60 s full-statistics + KL-partial relabeling),lodo,Leave-one-day-out (Apr11-Apr13),502,0.0,0.0,0.0,0.0,0.0,0.0,389.0,192.0
xgb_full60_kl,XGBoost (60 s full-statistics + KL-partial relabeling),lodo,Leave-one-day-out (Apr11-Apr13),503,0.010526315789473684,0.0,0.00398406374501992,0.0,0.005780346820809248,0.0,251.0,95.0
xgb_full60_kl,XGBoost (60 s full-statistics + KL-partial relabeling),lodo,Leave-one-day-out (Apr11-Apr13),505,0.0,0.0,0.0,0.0,0.0,0.0,33.0,199.0
xgb_full60_kl,XGBoost (60 s full-statistics + KL-partial relabeling),lodo,Leave-one-day-out (Apr11-Apr13),506,0.48660714285714285,0.0,0.33641975308641975,0.0,0.3978102189781022,0.0,324.0,224.0
xgb_full60_kl,XGBoost (60 s full-statistics + KL-partial relabeling),lodo,Leave-one-day-out (Apr11-Apr13),508,0.0,0.0,0.0,0.0,0.0,0.0,98.0,117.0
xgb_full60_kl,XGBoost (60 s full-statistics + KL-partial relabeling),lodo,Leave-one-day-out (Apr11-Apr13),510,0.17518248175182483,0.0,0.3018867924528302,0.0,0.22170900692840648,0.0,159.0,274.0
xgb_full60_kl,XGBoost (60 s full-statistics + KL-partial relabeling),lodo,Leave-one-day-out (Apr11-Apr13),511,0.5074626865671642,0.0,0.2595419847328244,0.0,0.3434343434343434,0.0,393.0,201.0
xgb_full60_kl,XGBoost (60 s full-statistics + KL-partial relabeling),lodo,Leave-one-day-out (Apr11-Apr13),512,0.6865203761755486,0.0,0.48026315789473684,0.0,0.5651612903225807,0.0,912.0,638.0
xgb_full60_kl,XGBoost (60 s full-statistics + KL-partial relabeling),lodo,Leave-one-day-out (Apr11-Apr13),513,0.4288939051918736,0.0,0.3295750216825672,0.0,0.37273173124080433,0.0,1153.0,886.0
xgb_full60_kl,XGBoost (60 s full-statistics + KL-partial relabeling),lodo,Leave-one-day-out (Apr11-Apr13),515,0.08955223880597014,0.0,0.020066889632107024,0.0,0.03278688524590164,0.0,598.0,134.0
xgb_full60_kl,XGBoost (60 s full-statistics + KL-partial relabeling),lodo,Leave-one-day-out (Apr11-Apr13),516,0.0,0.0,0.0,0.0,0.0,0.0,13.0,57.0
xgb_full60_kl,XGBoost (60 s full-statistics + KL-partial relabeling),lodo,Leave-one-day-out (Apr11-Apr13),517,0.21764705882352942,0.0,0.29133858267716534,0.0,0.24915824915824916,0.0,127.0,170.0
xgb_full60_kl,XGBoost (60 s full-statistics + KL-partial relabeling),lodo,Leave-one-day-out (Apr11-Apr13),518,0.007056451612903226,0.0,0.05303030303030303,0.0,0.012455516014234875,0.0,132.0,992.0
xgb_full60_kl,XGBoost (60 s full-statistics + KL-partial relabeling),lodo,Leave-one-day-out (Apr11-Apr13),520,0.7329093799682035,0.0,0.4515181194906954,0.0,0.5587878787878788,0.0,1021.0,629.0
xgb_full60_kl,XGBoost (60 s full-statistics + KL-partial relabeling),lodo,Leave-one-day-out (Apr11-Apr13),521,0.0,0.0,0.0,0.0,0.0,0.0,2.0,177.0
xgb_full60_kl,XGBoost (60 s full-statistics + KL-partial relabeling),lodo,Leave-one-day-out (Apr11-Apr13),522,0.24642857142857144,0.0,0.08313253012048193,0.0,0.12432432432432433,0.0,830.0,280.0
xgb_full60_kl,XGBoost (60 s full-statistics + KL-partial relabeling),lodo,Leave-one-day-out (Apr11-Apr13),523,0.5362192523726516,0.0,0.8248175182481752,0.0,0.6499207699982393,0.0,6713.0,10326.0
xgb_full60_kl,XGBoost (60 s full-statistics + KL-partial relabeling),lodo,Leave-one-day-out (Apr11-Apr13),cafeteria,0.38545368396114665,0.0,0.3796080261315912,0.0,0.38250852239332317,0.0,4286.0,4221.0
xgb_full60_kl,XGBoost (60 s full-statistics + KL-partial relabeling),lodo,Leave-one-day-out (Apr11-Apr13),cleaning,0.409967845659164,0.0,0.3780578206078577,0.0,0.393366756652526,0.0,1349.0,1244.0
xgb_full60_kl,XGBoost (60 s full-statistics + KL-partial relabeling),lodo,Leave-one-day-out (Apr11-Apr13),hallway,0.0,0.0,0.0,0.0,0.0,0.0,578.0,557.0
xgb_full60_kl,XGBoost (60 s full-statistics + KL-partial relabeling),lodo,Leave-one-day-out (Apr11-Apr13),kitchen,0.7429494712103408,0.0,0.5779910867329449,0.0,0.6501703194292693,0.0,8751.0,6808.0
xgb_full60_kl,XGBoost (60 s full-statistics + KL-partial relabeling),lodo,Leave-one-day-out (Apr11-Apr13),nurse station,0.7641559125625493,0.0,0.749160857216628,0.0,0.7565840938722295,0.0,7746.0,7594.0
rf_paper60_kl,Random Forest (60 s paper-statistics + KL-partial relabeling),lodo,Leave-one-day-out (Apr11-Apr13),501,0.16885553470919323,0.0,0.22113022113022113,0.0,0.19148936170212766,0.0,407.0,533.0
rf_paper60_kl,Random Forest (60 s paper-statistics + KL-partial relabeling),lodo,Leave-one-day-out (Apr11-Apr13),502,0.0,0.0,0.0,0.0,0.0,0.0,389.0,138.0
rf_paper60_kl,Random Forest (60 s paper-statistics + KL-partial relabeling),lodo,Leave-one-day-out (Apr11-Apr13),503,0.532608695652174,0.0,0.1952191235059761,0.0,0.2857142857142857,0.0,251.0,92.0
rf_paper60_kl,Random Forest (60 s paper-statistics + KL-partial relabeling),lodo,Leave-one-day-out (Apr11-Apr13),505,0.0,0.0,0.0,0.0,0.0,0.0,33.0,246.0
rf_paper60_kl,Random Forest (60 s paper-statistics + KL-partial relabeling),lodo,Leave-one-day-out (Apr11-Apr13),506,0.6678082191780822,0.0,0.6018518518518519,0.0,0.6331168831168831,0.0,324.0,292.0
rf_paper60_kl,Random Forest (60 s paper-statistics + KL-partial relabeling),lodo,Leave-one-day-out (Apr11-Apr13),508,0.0,0.0,0.0,0.0,0.0,0.0,98.0,39.0
rf_paper60_kl,Random Forest (60 s paper-statistics + KL-partial relabeling),lodo,Leave-one-day-out (Apr11-Apr13),510,0.27218934911242604,0.0,0.2893081761006289,0.0,0.2804878048780488,0.0,159.0,169.0
rf_paper60_kl,Random Forest (60 s paper-statistics + KL-partial relabeling),lodo,Leave-one-day-out (Apr11-Apr13),511,0.4097222222222222,0.0,0.15012722646310434,0.0,0.21973929236499068,0.0,393.0,144.0
rf_paper60_kl,Random Forest (60 s paper-statistics + KL-partial relabeling),lodo,Leave-one-day-out (Apr11-Apr13),512,0.6693163751987281,0.0,0.4616228070175439,0.0,0.5463984425697599,0.0,912.0,629.0
rf_paper60_kl,Random Forest (60 s paper-statistics + KL-partial relabeling),lodo,Leave-one-day-out (Apr11-Apr13),513,0.4575311438278596,0.0,0.35039028620988727,0.0,0.3968565815324165,0.0,1153.0,883.0
rf_paper60_kl,Random Forest (60 s paper-statistics + KL-partial relabeling),lodo,Leave-one-day-out (Apr11-Apr13),515,0.1553398058252427,0.0,0.026755852842809364,0.0,0.0456490727532097,0.0,598.0,103.0
rf_paper60_kl,Random Forest (60 s paper-statistics + KL-partial relabeling),lodo,Leave-one-day-out (Apr11-Apr13),516,0.0,0.0,0.0,0.0,0.0,0.0,13.0,41.0
rf_paper60_kl,Random Forest (60 s paper-statistics + KL-partial relabeling),lodo,Leave-one-day-out (Apr11-Apr13),517,0.12698412698412698,0.0,0.12598425196850394,0.0,0.12648221343873517,0.0,127.0,126.0
rf_paper60_kl,Random Forest (60 s paper-statistics + KL-partial relabeling),lodo,Leave-one-day-out (Apr11-Apr13),518,0.005149330587023687,0.0,0.03787878787878788,0.0,0.009066183136899365,0.0,132.0,971.0
rf_paper60_kl,Random Forest (60 s paper-statistics + KL-partial relabeling),lodo,Leave-one-day-out (Apr11-Apr13),520,0.7542613636363636,0.0,0.5200783545543585,0.0,0.6156521739130435,0.0,1021.0,704.0
rf_paper60_kl,Random Forest (60 s paper-statistics + KL-partial relabeling),lodo,Leave-one-day-out (Apr11-Apr13),521,0.0,0.0,0.0,0.0,0.0,0.0,2.0,117.0
rf_paper60_kl,Random Forest (60 s paper-statistics + KL-partial relabeling),lodo,Leave-one-day-out (Apr11-Apr13),522,0.350253807106599,0.0,0.08313253012048193,0.0,0.13437195715676728,0.0,830.0,197.0
rf_paper60_kl,Random Forest (60 s paper-statistics + KL-partial relabeling),lodo,Leave-one-day-out (Apr11-Apr13),523,0.5170024614823594,0.0,0.8447787874273797,0.0,0.6414432756475512,0.0,6713.0,10969.0
rf_paper60_kl,Random Forest (60 s paper-statistics + KL-partial relabeling),lodo,Leave-one-day-out (Apr11-Apr13),cafeteria,0.4336149668074834,0.0,0.33527764815678957,0.0,0.3781578947368421,0.0,4286.0,3314.0
rf_paper60_kl,Random Forest (60 s paper-statistics + KL-partial relabeling),lodo,Leave-one-day-out (Apr11-Apr13),cleaning,0.4258720930232558,0.0,0.21719792438843588,0.0,0.28767795778105054,0.0,1349.0,688.0
rf_paper60_kl,Random Forest (60 s paper-statistics + KL-partial relabeling),lodo,Leave-one-day-out (Apr11-Apr13),hallway,0.09124087591240876,0.0,0.04325259515570934,0.0,0.05868544600938967,0.0,578.0,274.0
rf_paper60_kl,Random Forest (60 s paper-statistics + KL-partial relabeling),lodo,Leave-one-day-out (Apr11-Apr13),kitchen,0.7627968726950878,0.0,0.5909038966975203,0.0,0.6659368963296844,0.0,8751.0,6779.0
rf_paper60_kl,Random Forest (60 s paper-statistics + KL-partial relabeling),lodo,Leave-one-day-out (Apr11-Apr13),nurse station,0.726097312010888,0.0,0.8264910921766073,0.0,0.7730483608042021,0.0,7746.0,8817.0
lgbm_basic60_kl_full_smote,LightGBM (60 s RSSI summary + KL-full relabeling + SMOTE),lodo,Leave-one-day-out (Apr11-Apr13),501,0.002207505518763797,0.0,0.002457002457002457,0.0,0.002325581395348837,0.0,407.0,453.0
lgbm_basic60_kl_full_smote,LightGBM (60 s RSSI summary + KL-full relabeling + SMOTE),lodo,Leave-one-day-out (Apr11-Apr13),502,0.0,0.0,0.0,0.0,0.0,0.0,389.0,222.0
lgbm_basic60_kl_full_smote,LightGBM (60 s RSSI summary + KL-full relabeling + SMOTE),lodo,Leave-one-day-out (Apr11-Apr13),503,0.023529411764705882,0.0,0.00796812749003984,0.0,0.011904761904761904,0.0,251.0,85.0
lgbm_basic60_kl_full_smote,LightGBM (60 s RSSI summary + KL-full relabeling + SMOTE),lodo,Leave-one-day-out (Apr11-Apr13),505,0.0,0.0,0.0,0.0,0.0,0.0,33.0,221.0
lgbm_basic60_kl_full_smote,LightGBM (60 s RSSI summary + KL-full relabeling + SMOTE),lodo,Leave-one-day-out (Apr11-Apr13),506,0.5144508670520231,0.0,0.27469135802469136,0.0,0.358148893360161,0.0,324.0,173.0
lgbm_basic60_kl_full_smote,LightGBM (60 s RSSI summary + KL-full relabeling + SMOTE),lodo,Leave-one-day-out (Apr11-Apr13),508,0.0,0.0,0.0,0.0,0.0,0.0,98.0,55.0
lgbm_basic60_kl_full_smote,LightGBM (60 s RSSI summary + KL-full relabeling + SMOTE),lodo,Leave-one-day-out (Apr11-Apr13),510,0.19672131147540983,0.0,0.22641509433962265,0.0,0.21052631578947367,0.0,159.0,183.0
lgbm_basic60_kl_full_smote,LightGBM (60 s RSSI summary + KL-full relabeling + SMOTE),lodo,Leave-one-day-out (Apr11-Apr13),511,0.38697318007662834,0.0,0.25699745547073793,0.0,0.308868501529052,0.0,393.0,261.0
lgbm_basic60_kl_full_smote,LightGBM (60 s RSSI summary + KL-full relabeling + SMOTE),lodo,Leave-one-day-out (Apr11-Apr13),512,0.672463768115942,0.0,0.5087719298245614,0.0,0.5792759051186017,0.0,912.0,690.0
lgbm_basic60_kl_full_smote,LightGBM (60 s RSSI summary + KL-full relabeling + SMOTE),lodo,Leave-one-day-out (Apr11-Apr13),513,0.43042071197411,0.0,0.23070251517779705,0.0,0.30039525691699603,0.0,1153.0,618.0
lgbm_basic60_kl_full_smote,LightGBM (60 s RSSI summary + KL-full relabeling + SMOTE),lodo,Leave-one-day-out (Apr11-Apr13),515,0.33043478260869563,0.0,0.06354515050167224,0.0,0.10659186535764376,0.0,598.0,115.0
lgbm_basic60_kl_full_smote,LightGBM (60 s RSSI summary + KL-full relabeling + SMOTE),lodo,Leave-one-day-out (Apr11-Apr13),516,0.0,0.0,0.0,0.0,0.0,0.0,13.0,4.0
lgbm_basic60_kl_full_smote,LightGBM (60 s RSSI summary + KL-full relabeling + SMOTE),lodo,Leave-one-day-out (Apr11-Apr13),517,0.5,0.0,0.30708661417322836,0.0,0.3804878048780488,0.0,127.0,78.0
lgbm_basic60_kl_full_smote,LightGBM (60 s RSSI summary + KL-full relabeling + SMOTE),lodo,Leave-one-day-out (Apr11-Apr13),518,0.02608695652173913,0.0,0.022727272727272728,0.0,0.024291497975708502,0.0,132.0,115.0
lgbm_basic60_kl_full_smote,LightGBM (60 s RSSI summary + KL-full relabeling + SMOTE),lodo,Leave-one-day-out (Apr11-Apr13),520,0.7980295566502463,0.0,0.47600391772771794,0.0,0.596319018404908,0.0,1021.0,609.0
lgbm_basic60_kl_full_smote,LightGBM (60 s RSSI summary + KL-full relabeling + SMOTE),lodo,Leave-one-day-out (Apr11-Apr13),521,0.0,0.0,0.0,0.0,0.0,0.0,2.0,80.0
lgbm_basic60_kl_full_smote,LightGBM (60 s RSSI summary + KL-full relabeling + SMOTE),lodo,Leave-one-day-out (Apr11-Apr13),522,0.7090301003344481,0.0,0.25542168674698795,0.0,0.3755535872453499,0.0,830.0,299.0
lgbm_basic60_kl_full_smote,LightGBM (60 s RSSI summary + KL-full relabeling + SMOTE),lodo,Leave-one-day-out (Apr11-Apr13),523,0.5607645149657411,0.0,0.9265604051839714,0.0,0.698680146026397,0.0,6713.0,11092.0
lgbm_basic60_kl_full_smote,LightGBM (60 s RSSI summary + KL-full relabeling + SMOTE),lodo,Leave-one-day-out (Apr11-Apr13),cafeteria,0.3919535462463708,0.0,0.44097060195986937,0.0,0.4150197628458498,0.0,4286.0,4822.0
lgbm_basic60_kl_full_smote,LightGBM (60 s RSSI summary + KL-full relabeling + SMOTE),lodo,Leave-one-day-out (Apr11-Apr13),cleaning,0.4214618973561431,0.0,0.4017790956263899,0.0,0.4113851992409867,0.0,1349.0,1286.0
lgbm_basic60_kl_full_smote,LightGBM (60 s RSSI summary + KL-full relabeling + SMOTE),lodo,Leave-one-day-out (Apr11-Apr13),hallway,0.0025906735751295338,0.0,0.0034602076124567475,0.0,0.002962962962962963,0.0,578.0,772.0
lgbm_basic60_kl_full_smote,LightGBM (60 s RSSI summary + KL-full relabeling + SMOTE),lodo,Leave-one-day-out (Apr11-Apr13),kitchen,0.7557276030968557,0.0,0.5465661067306593,0.0,0.6343501326259947,0.0,8751.0,6329.0
lgbm_basic60_kl_full_smote,LightGBM (60 s RSSI summary + KL-full relabeling + SMOTE),lodo,Leave-one-day-out (Apr11-Apr13),nurse station,0.7746332597689212,0.0,0.7703330751355538,0.0,0.7724771829891902,0.0,7746.0,7703.0
rf_basic10_symmetric_smote,Random Forest (10 s RSSI summary + symmetric relabeling + SMOTE),lodo,Leave-one-day-out (Apr11-Apr13),501,0.0847457627118644,0.0,0.09828009828009827,0.0,0.09101251422070535,0.0,407.0,472.0
rf_basic10_symmetric_smote,Random Forest (10 s RSSI summary + symmetric relabeling + SMOTE),lodo,Leave-one-day-out (Apr11-Apr13),502,0.31666666666666665,0.0,0.04884318766066838,0.0,0.08463251670378619,0.0,389.0,60.0
rf_basic10_symmetric_smote,Random Forest (10 s RSSI summary + symmetric relabeling + SMOTE),lodo,Leave-one-day-out (Apr11-Apr13),503,0.0,0.0,0.0,0.0,0.0,0.0,251.0,18.0
rf_basic10_symmetric_smote,Random Forest (10 s RSSI summary + symmetric relabeling + SMOTE),lodo,Leave-one-day-out (Apr11-Apr13),505,0.0,0.0,0.0,0.0,0.0,0.0,33.0,21.0
rf_basic10_symmetric_smote,Random Forest (10 s RSSI summary + symmetric relabeling + SMOTE),lodo,Leave-one-day-out (Apr11-Apr13),506,0.6446540880503144,0.0,0.6327160493827161,0.0,0.6386292834890965,0.0,324.0,318.0
rf_basic10_symmetric_smote,Random Forest (10 s RSSI summary + symmetric relabeling + SMOTE),lodo,Leave-one-day-out (Apr11-Apr13),508,0.16666666666666666,0.0,0.04081632653061224,0.0,0.06557377049180328,0.0,98.0,24.0
rf_basic10_symmetric_smote,Random Forest (10 s RSSI summary + symmetric relabeling + SMOTE),lodo,Leave-one-day-out (Apr11-Apr13),510,0.04310344827586207,0.0,0.031446540880503145,0.0,0.03636363636363636,0.0,159.0,116.0
rf_basic10_symmetric_smote,Random Forest (10 s RSSI summary + symmetric relabeling + SMOTE),lodo,Leave-one-day-out (Apr11-Apr13),511,0.45955882352941174,0.0,0.31806615776081426,0.0,0.37593984962406013,0.0,393.0,272.0
rf_basic10_symmetric_smote,Random Forest (10 s RSSI summary + symmetric relabeling + SMOTE),lodo,Leave-one-day-out (Apr11-Apr13),512,0.6720116618075802,0.0,0.5054824561403509,0.0,0.5769712140175219,0.0,912.0,686.0
rf_basic10_symmetric_smote,Random Forest (10 s RSSI summary + symmetric relabeling + SMOTE),lodo,Leave-one-day-out (Apr11-Apr13),513,0.5370370370370371,0.0,0.10060711188204684,0.0,0.16946676406135866,0.0,1153.0,216.0
rf_basic10_symmetric_smote,Random Forest (10 s RSSI summary + symmetric relabeling + SMOTE),lodo,Leave-one-day-out (Apr11-Apr13),515,0.6995073891625616,0.0,0.23745819397993312,0.0,0.3545568039950062,0.0,598.0,203.0
rf_basic10_symmetric_smote,Random Forest (10 s RSSI summary + symmetric relabeling + SMOTE),lodo,Leave-one-day-out (Apr11-Apr13),516,0.006329113924050633,0.0,0.07692307692307693,0.0,0.011695906432748537,0.0,13.0,158.0
rf_basic10_symmetric_smote,Random Forest (10 s RSSI summary + symmetric relabeling + SMOTE),lodo,Leave-one-day-out (Apr11-Apr13),517,0.34065934065934067,0.0,0.2440944881889764,0.0,0.28440366972477066,0.0,127.0,91.0
rf_basic10_symmetric_smote,Random Forest (10 s RSSI summary + symmetric relabeling + SMOTE),lodo,Leave-one-day-out (Apr11-Apr13),518,0.010238907849829351,0.0,0.5,0.0,0.020066889632107024,0.0,132.0,6446.0
rf_basic10_symmetric_smote,Random Forest (10 s RSSI summary + symmetric relabeling + SMOTE),lodo,Leave-one-day-out (Apr11-Apr13),520,0.8464730290456431,0.0,0.39960822722820766,0.0,0.5429141716566867,0.0,1021.0,482.0
rf_basic10_symmetric_smote,Random Forest (10 s RSSI summary + symmetric relabeling + SMOTE),lodo,Leave-one-day-out (Apr11-Apr13),521,0.0,0.0,0.0,0.0,0.0,0.0,2.0,206.0
rf_basic10_symmetric_smote,Random Forest (10 s RSSI summary + symmetric relabeling + SMOTE),lodo,Leave-one-day-out (Apr11-Apr13),522,0.4612676056338028,0.0,0.1578313253012048,0.0,0.23518850987432674,0.0,830.0,284.0
rf_basic10_symmetric_smote,Random Forest (10 s RSSI summary + symmetric relabeling + SMOTE),lodo,Leave-one-day-out (Apr11-Apr13),523,0.4845397890699904,0.0,0.6022642633695814,0.0,0.537025967988311,0.0,6713.0,8344.0
rf_basic10_symmetric_smote,Random Forest (10 s RSSI summary + symmetric relabeling + SMOTE),lodo,Leave-one-day-out (Apr11-Apr13),cafeteria,0.444636678200692,0.0,0.35977601493233785,0.0,0.3977302037657983,0.0,4286.0,3468.0
rf_basic10_symmetric_smote,Random Forest (10 s RSSI summary + symmetric relabeling + SMOTE),lodo,Leave-one-day-out (Apr11-Apr13),cleaning,0.4788732394366197,0.0,0.3780578206078577,0.0,0.4225352112676056,0.0,1349.0,1065.0
rf_basic10_symmetric_smote,Random Forest (10 s RSSI summary + symmetric relabeling + SMOTE),lodo,Leave-one-day-out (Apr11-Apr13),hallway,0.023346303501945526,0.0,0.020761245674740483,0.0,0.02197802197802198,0.0,578.0,514.0
rf_basic10_symmetric_smote,Random Forest (10 s RSSI summary + symmetric relabeling + SMOTE),lodo,Leave-one-day-out (Apr11-Apr13),kitchen,0.7131190269331017,0.0,0.4689749742886527,0.0,0.5658348269681511,0.0,8751.0,5755.0
rf_basic10_symmetric_smote,Random Forest (10 s RSSI summary + symmetric relabeling + SMOTE),lodo,Leave-one-day-out (Apr11-Apr13),nurse station,0.8102469486233324,0.0,0.7370255615801704,0.0,0.7719037317468902,0.0,7746.0,7046.0
rf_lagstack10,Random Forest (10 s causal lag-stack features),lodo,Leave-one-day-out (Apr11-Apr13),501,0.11349693251533742,0.0,0.09090909090909091,0.0,0.1009549795361528,0.0,407.0,326.0
rf_lagstack10,Random Forest (10 s causal lag-stack features),lodo,Leave-one-day-out (Apr11-Apr13),502,0.2684563758389262,0.0,0.10282776349614396,0.0,0.14869888475836432,0.0,389.0,149.0
rf_lagstack10,Random Forest (10 s causal lag-stack features),lodo,Leave-one-day-out (Apr11-Apr13),503,0.0,0.0,0.0,0.0,0.0,0.0,251.0,20.0
rf_lagstack10,Random Forest (10 s causal lag-stack features),lodo,Leave-one-day-out (Apr11-Apr13),505,0.0,0.0,0.0,0.0,0.0,0.0,33.0,3.0
rf_lagstack10,Random Forest (10 s causal lag-stack features),lodo,Leave-one-day-out (Apr11-Apr13),506,0.4927536231884058,0.0,0.7345679012345679,0.0,0.5898389095415117,0.0,324.0,483.0
rf_lagstack10,Random Forest (10 s causal lag-stack features),lodo,Leave-one-day-out (Apr11-Apr13),508,0.058823529411764705,0.0,0.05102040816326531,0.0,0.0546448087431694,0.0,98.0,85.0
rf_lagstack10,Random Forest (10 s causal lag-stack features),lodo,Leave-one-day-out (Apr11-Apr13),510,0.0,0.0,0.0,0.0,0.0,0.0,159.0,261.0
rf_lagstack10,Random Forest (10 s causal lag-stack features),lodo,Leave-one-day-out (Apr11-Apr13),511,0.5076142131979695,0.0,0.2544529262086514,0.0,0.3389830508474576,0.0,393.0,197.0
rf_lagstack10,Random Forest (10 s causal lag-stack features),lodo,Leave-one-day-out (Apr11-Apr13),512,0.5719101123595506,0.0,0.5581140350877193,0.0,0.564927857935627,0.0,912.0,890.0
rf_lagstack10,Random Forest (10 s causal lag-stack features),lodo,Leave-one-day-out (Apr11-Apr13),513,0.4222222222222222,0.0,0.0823937554206418,0.0,0.1378809869375907,0.0,1153.0,225.0
rf_lagstack10,Random Forest (10 s causal lag-stack features),lodo,Leave-one-day-out (Apr11-Apr13),515,0.5391566265060241,0.0,0.2993311036789298,0.0,0.3849462365591398,0.0,598.0,332.0
rf_lagstack10,Random Forest (10 s causal lag-stack features),lodo,Leave-one-day-out (Apr11-Apr13),516,0.029411764705882353,0.0,0.07692307692307693,0.0,0.0425531914893617,0.0,13.0,34.0
rf_lagstack10,Random Forest (10 s causal lag-stack features),lodo,Leave-one-day-out (Apr11-Apr13),517,0.17391304347826086,0.0,0.15748031496062992,0.0,0.1652892561983471,0.0,127.0,115.0
rf_lagstack10,Random Forest (10 s causal lag-stack features),lodo,Leave-one-day-out (Apr11-Apr13),518,0.1956521739130435,0.0,0.06818181818181818,0.0,0.10112359550561797,0.0,132.0,46.0
rf_lagstack10,Random Forest (10 s causal lag-stack features),lodo,Leave-one-day-out (Apr11-Apr13),520,0.75,0.0,0.4054848188050931,0.0,0.5263827082008901,0.0,1021.0,552.0
rf_lagstack10,Random Forest (10 s causal lag-stack features),lodo,Leave-one-day-out (Apr11-Apr13),521,0.0,0.0,0.0,0.0,0.0,0.0,2.0,2.0
rf_lagstack10,Random Forest (10 s causal lag-stack features),lodo,Leave-one-day-out (Apr11-Apr13),522,0.24745762711864408,0.0,0.08795180722891566,0.0,0.12977777777777777,0.0,830.0,295.0
rf_lagstack10,Random Forest (10 s causal lag-stack features),lodo,Leave-one-day-out (Apr11-Apr13),523,0.4141338929127462,0.0,0.9113660062565172,0.0,0.5694871078842036,0.0,6713.0,14773.0
rf_lagstack10,Random Forest (10 s causal lag-stack features),lodo,Leave-one-day-out (Apr11-Apr13),cafeteria,0.428522218394764,0.0,0.2902473168455436,0.0,0.3460842954513841,0.0,4286.0,2903.0
rf_lagstack10,Random Forest (10 s causal lag-stack features),lodo,Leave-one-day-out (Apr11-Apr13),cleaning,0.3757791629563669,0.0,0.312824314306894,0.0,0.3414239482200647,0.0,1349.0,1123.0
rf_lagstack10,Random Forest (10 s causal lag-stack features),lodo,Leave-one-day-out (Apr11-Apr13),hallway,0.027227722772277228,0.0,0.01903114186851211,0.0,0.02240325865580448,0.0,578.0,404.0
rf_lagstack10,Random Forest (10 s causal lag-stack features),lodo,Leave-one-day-out (Apr11-Apr13),kitchen,0.7045378151260504,0.0,0.4790309678893841,0.0,0.5703013400448949,0.0,8751.0,5950.0
rf_lagstack10,Random Forest (10 s causal lag-stack features),lodo,Leave-one-day-out (Apr11-Apr13),nurse station,0.7800479075665774,0.0,0.7146914536534986,0.0,0.7459408475375598,0.0,7746.0,7097.0
tcn10,Causal TCN (10 s RSSI + availability sequence),lodo,Leave-one-day-out (Apr11-Apr13),501,0.15384615384615385,0.0,0.09828009828009827,0.0,0.1199400299850075,0.0,407.0,260.0
tcn10,Causal TCN (10 s RSSI + availability sequence),lodo,Leave-one-day-out (Apr11-Apr13),502,0.3224043715846995,0.0,0.15167095115681234,0.0,0.2062937062937063,0.0,389.0,183.0
tcn10,Causal TCN (10 s RSSI + availability sequence),lodo,Leave-one-day-out (Apr11-Apr13),503,0.0,0.0,0.0,0.0,0.0,0.0,251.0,14.0
tcn10,Causal TCN (10 s RSSI + availability sequence),lodo,Leave-one-day-out (Apr11-Apr13),505,0.0,0.0,0.0,0.0,0.0,0.0,33.0,9.0
tcn10,Causal TCN (10 s RSSI + availability sequence),lodo,Leave-one-day-out (Apr11-Apr13),506,0.4218455743879473,0.0,0.691358024691358,0.0,0.5239766081871345,0.0,324.0,531.0
tcn10,Causal TCN (10 s RSSI + availability sequence),lodo,Leave-one-day-out (Apr11-Apr13),508,0.06944444444444445,0.0,0.05102040816326531,0.0,0.058823529411764705,0.0,98.0,72.0
tcn10,Causal TCN (10 s RSSI + availability sequence),lodo,Leave-one-day-out (Apr11-Apr13),510,0.0,0.0,0.0,0.0,0.0,0.0,159.0,102.0
tcn10,Causal TCN (10 s RSSI + availability sequence),lodo,Leave-one-day-out (Apr11-Apr13),511,0.16156282998944033,0.0,0.3893129770992366,0.0,0.22835820895522388,0.0,393.0,947.0
tcn10,Causal TCN (10 s RSSI + availability sequence),lodo,Leave-one-day-out (Apr11-Apr13),512,0.5416204217536071,0.0,0.5350877192982456,0.0,0.5383342526199669,0.0,912.0,901.0
tcn10,Causal TCN (10 s RSSI + availability sequence),lodo,Leave-one-day-out (Apr11-Apr13),513,0.5,0.0,0.15871639202081528,0.0,0.24094799210006584,0.0,1153.0,366.0
tcn10,Causal TCN (10 s RSSI + availability sequence),lodo,Leave-one-day-out (Apr11-Apr13),515,0.5795053003533569,0.0,0.27424749163879597,0.0,0.37230419977298523,0.0,598.0,283.0
tcn10,Causal TCN (10 s RSSI + availability sequence),lodo,Leave-one-day-out (Apr11-Apr13),516,0.11320754716981132,0.0,0.46153846153846156,0.0,0.18181818181818182,0.0,13.0,53.0
tcn10,Causal TCN (10 s RSSI + availability sequence),lodo,Leave-one-day-out (Apr11-Apr13),517,0.25225225225225223,0.0,0.2204724409448819,0.0,0.23529411764705882,0.0,127.0,111.0
tcn10,Causal TCN (10 s RSSI + availability sequence),lodo,Leave-one-day-out (Apr11-Apr13),518,0.061946902654867256,0.0,0.05303030303030303,0.0,0.05714285714285714,0.0,132.0,113.0
tcn10,Causal TCN (10 s RSSI + availability sequence),lodo,Leave-one-day-out (Apr11-Apr13),520,0.8188976377952756,0.0,0.40744368266405484,0.0,0.5441465009810333,0.0,1021.0,508.0
tcn10,Causal TCN (10 s RSSI + availability sequence),lodo,Leave-one-day-out (Apr11-Apr13),521,0.0,0.0,0.0,0.0,0.0,0.0,2.0,0.0
tcn10,Causal TCN (10 s RSSI + availability sequence),lodo,Leave-one-day-out (Apr11-Apr13),522,0.6064814814814815,0.0,0.3156626506024096,0.0,0.4152139461172742,0.0,830.0,432.0
tcn10,Causal TCN (10 s RSSI + availability sequence),lodo,Leave-one-day-out (Apr11-Apr13),523,0.42481852748012444,0.0,0.9153880530314316,0.0,0.5803191991689489,0.0,6713.0,14465.0
tcn10,Causal TCN (10 s RSSI + availability sequence),lodo,Leave-one-day-out (Apr11-Apr13),cafeteria,0.36831633921909973,0.0,0.34554363042463837,0.0,0.3565667509329481,0.0,4286.0,4021.0
tcn10,Causal TCN (10 s RSSI + availability sequence),lodo,Leave-one-day-out (Apr11-Apr13),cleaning,0.30846605196982396,0.0,0.2727946627131208,0.0,0.2895357985837923,0.0,1349.0,1193.0
tcn10,Causal TCN (10 s RSSI + availability sequence),lodo,Leave-one-day-out (Apr11-Apr13),hallway,0.010167029774872912,0.0,0.02422145328719723,0.0,0.01432225063938619,0.0,578.0,1377.0
tcn10,Causal TCN (10 s RSSI + availability sequence),lodo,Leave-one-day-out (Apr11-Apr13),kitchen,0.6759098786828422,0.0,0.4010970174837161,0.0,0.5034423407917383,0.0,8751.0,5193.0
tcn10,Causal TCN (10 s RSSI + availability sequence),lodo,Leave-one-day-out (Apr11-Apr13),nurse station,0.7949717404014812,0.0,0.5265943712884069,0.0,0.6335326551215346,0.0,7746.0,5131.0
rf_topology10,Topology-Augmented Random Forest (10 s RSSI summary + floor-plan graph features),lodo,Leave-one-day-out (Apr11-Apr13),501,0.10344827586206896,0.0,0.10319410319410319,0.0,0.1033210332103321,0.0,407.0,406.0
rf_topology10,Topology-Augmented Random Forest (10 s RSSI summary + floor-plan graph features),lodo,Leave-one-day-out (Apr11-Apr13),502,0.3407821229050279,0.0,0.15681233933161953,0.0,0.2147887323943662,0.0,389.0,179.0
rf_topology10,Topology-Augmented Random Forest (10 s RSSI summary + floor-plan graph features),lodo,Leave-one-day-out (Apr11-Apr13),503,0.0,0.0,0.0,0.0,0.0,0.0,251.0,24.0
rf_topology10,Topology-Augmented Random Forest (10 s RSSI summary + floor-plan graph features),lodo,Leave-one-day-out (Apr11-Apr13),505,0.0,0.0,0.0,0.0,0.0,0.0,33.0,3.0
rf_topology10,Topology-Augmented Random Forest (10 s RSSI summary + floor-plan graph features),lodo,Leave-one-day-out (Apr11-Apr13),506,0.627906976744186,0.0,0.5833333333333334,0.0,0.6048,0.0,324.0,301.0
rf_topology10,Topology-Augmented Random Forest (10 s RSSI summary + floor-plan graph features),lodo,Leave-one-day-out (Apr11-Apr13),508,0.02631578947368421,0.0,0.01020408163265306,0.0,0.014705882352941176,0.0,98.0,38.0
rf_topology10,Topology-Augmented Random Forest (10 s RSSI summary + floor-plan graph features),lodo,Leave-one-day-out (Apr11-Apr13),510,0.0,0.0,0.0,0.0,0.0,0.0,159.0,138.0
rf_topology10,Topology-Augmented Random Forest (10 s RSSI summary + floor-plan graph features),lodo,Leave-one-day-out (Apr11-Apr13),511,0.5458015267175572,0.0,0.3638676844783715,0.0,0.4366412213740458,0.0,393.0,262.0
rf_topology10,Topology-Augmented Random Forest (10 s RSSI summary + floor-plan graph features),lodo,Leave-one-day-out (Apr11-Apr13),512,0.6953846153846154,0.0,0.4956140350877193,0.0,0.5787451984635084,0.0,912.0,650.0
rf_topology10,Topology-Augmented Random Forest (10 s RSSI summary + floor-plan graph features),lodo,Leave-one-day-out (Apr11-Apr13),513,0.45104895104895104,0.0,0.11188204683434519,0.0,0.17929117442668518,0.0,1153.0,286.0
rf_topology10,Topology-Augmented Random Forest (10 s RSSI summary + floor-plan graph features),lodo,Leave-one-day-out (Apr11-Apr13),515,0.6082949308755761,0.0,0.22073578595317725,0.0,0.3239263803680982,0.0,598.0,217.0
rf_topology10,Topology-Augmented Random Forest (10 s RSSI summary + floor-plan graph features),lodo,Leave-one-day-out (Apr11-Apr13),516,0.08333333333333333,0.0,0.07692307692307693,0.0,0.08,0.0,13.0,12.0
rf_topology10,Topology-Augmented Random Forest (10 s RSSI summary + floor-plan graph features),lodo,Leave-one-day-out (Apr11-Apr13),517,0.3274336283185841,0.0,0.29133858267716534,0.0,0.30833333333333335,0.0,127.0,113.0
rf_topology10,Topology-Augmented Random Forest (10 s RSSI summary + floor-plan graph features),lodo,Leave-one-day-out (Apr11-Apr13),518,0.14285714285714285,0.0,0.015151515151515152,0.0,0.0273972602739726,0.0,132.0,14.0
rf_topology10,Topology-Augmented Random Forest (10 s RSSI summary + floor-plan graph features),lodo,Leave-one-day-out (Apr11-Apr13),520,0.7777777777777778,0.0,0.44564152791381,0.0,0.5666251556662516,0.0,1021.0,585.0
rf_topology10,Topology-Augmented Random Forest (10 s RSSI summary + floor-plan graph features),lodo,Leave-one-day-out (Apr11-Apr13),521,0.0,0.0,0.0,0.0,0.0,0.0,2.0,0.0
rf_topology10,Topology-Augmented Random Forest (10 s RSSI summary + floor-plan graph features),lodo,Leave-one-day-out (Apr11-Apr13),522,0.3790849673202614,0.0,0.13975903614457832,0.0,0.20422535211267606,0.0,830.0,306.0
rf_topology10,Topology-Augmented Random Forest (10 s RSSI summary + floor-plan graph features),lodo,Leave-one-day-out (Apr11-Apr13),523,0.4269306127964327,0.0,0.941307910025324,0.0,0.587431439992563,0.0,6713.0,14801.0
rf_topology10,Topology-Augmented Random Forest (10 s RSSI summary + floor-plan graph features),lodo,Leave-one-day-out (Apr11-Apr13),cafeteria,0.44207230287503557,0.0,0.36234251049930005,0.0,0.39825618669060137,0.0,4286.0,3513.0
rf_topology10,Topology-Augmented Random Forest (10 s RSSI summary + floor-plan graph features),lodo,Leave-one-day-out (Apr11-Apr13),cleaning,0.44133574007220217,0.0,0.36249073387694586,0.0,0.398046398046398,0.0,1349.0,1108.0
rf_topology10,Topology-Augmented Random Forest (10 s RSSI summary + floor-plan graph features),lodo,Leave-one-day-out (Apr11-Apr13),hallway,0.02663934426229508,0.0,0.02249134948096886,0.0,0.024390243902439025,0.0,578.0,488.0
rf_topology10,Topology-Augmented Random Forest (10 s RSSI summary + floor-plan graph features),lodo,Leave-one-day-out (Apr11-Apr13),kitchen,0.7181562280084448,0.0,0.4664609758884699,0.0,0.5655697956356079,0.0,8751.0,5684.0
rf_topology10,Topology-Augmented Random Forest (10 s RSSI summary + floor-plan graph features),lodo,Leave-one-day-out (Apr11-Apr13),nurse station,0.7989351268039793,0.0,0.7361218693519236,0.0,0.766243364912988,0.0,7746.0,7137.0
ensemble_calibrated,Calibrated Multi-Resolution RF-XGBoost Ensemble (11 s temporal voting),lodo,Leave-one-day-out (Apr11-Apr13),501,0.15191986644407346,0.0,0.22358722358722358,0.0,0.18091451292246521,0.0,407.0,599.0
ensemble_calibrated,Calibrated Multi-Resolution RF-XGBoost Ensemble (11 s temporal voting),lodo,Leave-one-day-out (Apr11-Apr13),502,0.4583333333333333,0.0,0.056555269922879174,0.0,0.10068649885583524,0.0,389.0,48.0
ensemble_calibrated,Calibrated Multi-Resolution RF-XGBoost Ensemble (11 s temporal voting),lodo,Leave-one-day-out (Apr11-Apr13),503,0.0,0.0,0.0,0.0,0.0,0.0,251.0,9.0
ensemble_calibrated,Calibrated Multi-Resolution RF-XGBoost Ensemble (11 s temporal voting),lodo,Leave-one-day-out (Apr11-Apr13),505,0.0,0.0,0.0,0.0,0.0,0.0,33.0,149.0
ensemble_calibrated,Calibrated Multi-Resolution RF-XGBoost Ensemble (11 s temporal voting),lodo,Leave-one-day-out (Apr11-Apr13),506,0.6908517350157729,0.0,0.6759259259259259,0.0,0.6833073322932918,0.0,324.0,317.0
ensemble_calibrated,Calibrated Multi-Resolution RF-XGBoost Ensemble (11 s temporal voting),lodo,Leave-one-day-out (Apr11-Apr13),508,0.0,0.0,0.0,0.0,0.0,0.0,98.0,57.0
ensemble_calibrated,Calibrated Multi-Resolution RF-XGBoost Ensemble (11 s temporal voting),lodo,Leave-one-day-out (Apr11-Apr13),510,0.112,0.0,0.1761006289308176,0.0,0.13691931540342298,0.0,159.0,250.0
ensemble_calibrated,Calibrated Multi-Resolution RF-XGBoost Ensemble (11 s temporal voting),lodo,Leave-one-day-out (Apr11-Apr13),511,0.6177777777777778,0.0,0.35368956743002544,0.0,0.44983818770226536,0.0,393.0,225.0
ensemble_calibrated,Calibrated Multi-Resolution RF-XGBoost Ensemble (11 s temporal voting),lodo,Leave-one-day-out (Apr11-Apr13),512,0.6512455516014235,0.0,0.6019736842105263,0.0,0.6256410256410256,0.0,912.0,843.0
ensemble_calibrated,Calibrated Multi-Resolution RF-XGBoost Ensemble (11 s temporal voting),lodo,Leave-one-day-out (Apr11-Apr13),513,0.48714285714285716,0.0,0.29575021682567215,0.0,0.36805180787911496,0.0,1153.0,700.0
ensemble_calibrated,Calibrated Multi-Resolution RF-XGBoost Ensemble (11 s temporal voting),lodo,Leave-one-day-out (Apr11-Apr13),515,0.48058252427184467,0.0,0.16555183946488294,0.0,0.2462686567164179,0.0,598.0,206.0
ensemble_calibrated,Calibrated Multi-Resolution RF-XGBoost Ensemble (11 s temporal voting),lodo,Leave-one-day-out (Apr11-Apr13),516,0.0,0.0,0.0,0.0,0.0,0.0,13.0,160.0
ensemble_calibrated,Calibrated Multi-Resolution RF-XGBoost Ensemble (11 s temporal voting),lodo,Leave-one-day-out (Apr11-Apr13),517,0.4728682170542636,0.0,0.48031496062992124,0.0,0.4765625,0.0,127.0,129.0
ensemble_calibrated,Calibrated Multi-Resolution RF-XGBoost Ensemble (11 s temporal voting),lodo,Leave-one-day-out (Apr11-Apr13),518,0.10101010101010101,0.0,0.07575757575757576,0.0,0.08658008658008658,0.0,132.0,99.0
ensemble_calibrated,Calibrated Multi-Resolution RF-XGBoost Ensemble (11 s temporal voting),lodo,Leave-one-day-out (Apr11-Apr13),520,0.8543307086614174,0.0,0.6376101860920667,0.0,0.7302299495232754,0.0,1021.0,762.0
ensemble_calibrated,Calibrated Multi-Resolution RF-XGBoost Ensemble (11 s temporal voting),lodo,Leave-one-day-out (Apr11-Apr13),521,0.0,0.0,0.0,0.0,0.0,0.0,2.0,208.0
ensemble_calibrated,Calibrated Multi-Resolution RF-XGBoost Ensemble (11 s temporal voting),lodo,Leave-one-day-out (Apr11-Apr13),522,0.6381578947368421,0.0,0.11686746987951807,0.0,0.1975560081466395,0.0,830.0,152.0
ensemble_calibrated,Calibrated Multi-Resolution RF-XGBoost Ensemble (11 s temporal voting),lodo,Leave-one-day-out (Apr11-Apr13),523,0.5706627229873371,0.0,0.9197080291970803,0.0,0.704312114989733,0.0,6713.0,10819.0
ensemble_calibrated,Calibrated Multi-Resolution RF-XGBoost Ensemble (11 s temporal voting),lodo,Leave-one-day-out (Apr11-Apr13),cafeteria,0.46302414231257943,0.0,0.4251049930004666,0.0,0.4432550784576086,0.0,4286.0,3935.0
ensemble_calibrated,Calibrated Multi-Resolution RF-XGBoost Ensemble (11 s temporal voting),lodo,Leave-one-day-out (Apr11-Apr13),cleaning,0.5627668659265584,0.0,0.48851000741289846,0.0,0.523015873015873,0.0,1349.0,1171.0
ensemble_calibrated,Calibrated Multi-Resolution RF-XGBoost Ensemble (11 s temporal voting),lodo,Leave-one-day-out (Apr11-Apr13),hallway,0.02404809619238477,0.0,0.020761245674740483,0.0,0.022284122562674095,0.0,578.0,499.0
ensemble_calibrated,Calibrated Multi-Resolution RF-XGBoost Ensemble (11 s temporal voting),lodo,Leave-one-day-out (Apr11-Apr13),kitchen,0.7434907010014307,0.0,0.5938749857159182,0.0,0.6603138301251509,0.0,8751.0,6990.0
ensemble_calibrated,Calibrated Multi-Resolution RF-XGBoost Ensemble (11 s temporal voting),lodo,Leave-one-day-out (Apr11-Apr13),nurse station,0.8029730410682792,0.0,0.8228763232636199,0.0,0.81280285641418,0.0,7746.0,7938.0
ensemble_room510,Calibrated Multi-Resolution RF-XGBoost Ensemble + class-510 probability recovery,lodo,Leave-one-day-out (Apr11-Apr13),501,0.15191986644407346,0.0,0.22358722358722358,0.0,0.18091451292246521,0.0,407.0,599.0
ensemble_room510,Calibrated Multi-Resolution RF-XGBoost Ensemble + class-510 probability recovery,lodo,Leave-one-day-out (Apr11-Apr13),502,0.4583333333333333,0.0,0.056555269922879174,0.0,0.10068649885583524,0.0,389.0,48.0
ensemble_room510,Calibrated Multi-Resolution RF-XGBoost Ensemble + class-510 probability recovery,lodo,Leave-one-day-out (Apr11-Apr13),503,0.0,0.0,0.0,0.0,0.0,0.0,251.0,9.0
ensemble_room510,Calibrated Multi-Resolution RF-XGBoost Ensemble + class-510 probability recovery,lodo,Leave-one-day-out (Apr11-Apr13),505,0.0,0.0,0.0,0.0,0.0,0.0,33.0,149.0
ensemble_room510,Calibrated Multi-Resolution RF-XGBoost Ensemble + class-510 probability recovery,lodo,Leave-one-day-out (Apr11-Apr13),506,0.6908517350157729,0.0,0.6759259259259259,0.0,0.6833073322932918,0.0,324.0,317.0
ensemble_room510,Calibrated Multi-Resolution RF-XGBoost Ensemble + class-510 probability recovery,lodo,Leave-one-day-out (Apr11-Apr13),508,0.0,0.0,0.0,0.0,0.0,0.0,98.0,58.0
ensemble_room510,Calibrated Multi-Resolution RF-XGBoost Ensemble + class-510 probability recovery,lodo,Leave-one-day-out (Apr11-Apr13),510,0.03404255319148936,0.0,0.25157232704402516,0.0,0.05997001499250375,0.0,159.0,1175.0
ensemble_room510,Calibrated Multi-Resolution RF-XGBoost Ensemble + class-510 probability recovery,lodo,Leave-one-day-out (Apr11-Apr13),511,0.6210526315789474,0.0,0.30025445292620867,0.0,0.40480274442538594,0.0,393.0,190.0
ensemble_room510,Calibrated Multi-Resolution RF-XGBoost Ensemble + class-510 probability recovery,lodo,Leave-one-day-out (Apr11-Apr13),512,0.6512455516014235,0.0,0.6019736842105263,0.0,0.6256410256410256,0.0,912.0,843.0
ensemble_room510,Calibrated Multi-Resolution RF-XGBoost Ensemble + class-510 probability recovery,lodo,Leave-one-day-out (Apr11-Apr13),513,0.48714285714285716,0.0,0.29575021682567215,0.0,0.36805180787911496,0.0,1153.0,700.0
ensemble_room510,Calibrated Multi-Resolution RF-XGBoost Ensemble + class-510 probability recovery,lodo,Leave-one-day-out (Apr11-Apr13),515,0.48058252427184467,0.0,0.16555183946488294,0.0,0.2462686567164179,0.0,598.0,206.0
ensemble_room510,Calibrated Multi-Resolution RF-XGBoost Ensemble + class-510 probability recovery,lodo,Leave-one-day-out (Apr11-Apr13),516,0.0,0.0,0.0,0.0,0.0,0.0,13.0,160.0
ensemble_room510,Calibrated Multi-Resolution RF-XGBoost Ensemble + class-510 probability recovery,lodo,Leave-one-day-out (Apr11-Apr13),517,0.4728682170542636,0.0,0.48031496062992124,0.0,0.4765625,0.0,127.0,129.0
ensemble_room510,Calibrated Multi-Resolution RF-XGBoost Ensemble + class-510 probability recovery,lodo,Leave-one-day-out (Apr11-Apr13),518,0.10101010101010101,0.0,0.07575757575757576,0.0,0.08658008658008658,0.0,132.0,99.0
ensemble_room510,Calibrated Multi-Resolution RF-XGBoost Ensemble + class-510 probability recovery,lodo,Leave-one-day-out (Apr11-Apr13),520,0.8539473684210527,0.0,0.6356513222331048,0.0,0.7288040426726559,0.0,1021.0,760.0
ensemble_room510,Calibrated Multi-Resolution RF-XGBoost Ensemble + class-510 probability recovery,lodo,Leave-one-day-out (Apr11-Apr13),521,0.0,0.0,0.0,0.0,0.0,0.0,2.0,208.0
ensemble_room510,Calibrated Multi-Resolution RF-XGBoost Ensemble + class-510 probability recovery,lodo,Leave-one-day-out (Apr11-Apr13),522,0.6643835616438356,0.0,0.11686746987951807,0.0,0.1987704918032787,0.0,830.0,146.0
ensemble_room510,Calibrated Multi-Resolution RF-XGBoost Ensemble + class-510 probability recovery,lodo,Leave-one-day-out (Apr11-Apr13),523,0.5585748792270532,0.0,0.8267540592879488,0.0,0.6667067091116584,0.0,6713.0,9936.0
ensemble_room510,Calibrated Multi-Resolution RF-XGBoost Ensemble + class-510 probability recovery,lodo,Leave-one-day-out (Apr11-Apr13),cafeteria,0.46302414231257943,0.0,0.4251049930004666,0.0,0.4432550784576086,0.0,4286.0,3935.0
ensemble_room510,Calibrated Multi-Resolution RF-XGBoost Ensemble + class-510 probability recovery,lodo,Leave-one-day-out (Apr11-Apr13),cleaning,0.5627668659265584,0.0,0.48851000741289846,0.0,0.523015873015873,0.0,1349.0,1171.0
ensemble_room510,Calibrated Multi-Resolution RF-XGBoost Ensemble + class-510 probability recovery,lodo,Leave-one-day-out (Apr11-Apr13),hallway,0.02404809619238477,0.0,0.020761245674740483,0.0,0.022284122562674095,0.0,578.0,499.0
ensemble_room510,Calibrated Multi-Resolution RF-XGBoost Ensemble + class-510 probability recovery,lodo,Leave-one-day-out (Apr11-Apr13),kitchen,0.7434907010014307,0.0,0.5938749857159182,0.0,0.6603138301251509,0.0,8751.0,6990.0
ensemble_room510,Calibrated Multi-Resolution RF-XGBoost Ensemble + class-510 probability recovery,lodo,Leave-one-day-out (Apr11-Apr13),nurse station,0.8029730410682792,0.0,0.8228763232636199,0.0,0.81280285641418,0.0,7746.0,7938.0
ensemble_class_aware,Calibrated Multi-Resolution RF-XGBoost Ensemble + class-510 recovery + class-518-weighted temporal voting,lodo,Leave-one-day-out (Apr11-Apr13),501,0.15191986644407346,0.0,0.22358722358722358,0.0,0.18091451292246521,0.0,407.0,599.0
ensemble_class_aware,Calibrated Multi-Resolution RF-XGBoost Ensemble + class-510 recovery + class-518-weighted temporal voting,lodo,Leave-one-day-out (Apr11-Apr13),502,0.4583333333333333,0.0,0.056555269922879174,0.0,0.10068649885583524,0.0,389.0,48.0
ensemble_class_aware,Calibrated Multi-Resolution RF-XGBoost Ensemble + class-510 recovery + class-518-weighted temporal voting,lodo,Leave-one-day-out (Apr11-Apr13),503,0.0,0.0,0.0,0.0,0.0,0.0,251.0,9.0
ensemble_class_aware,Calibrated Multi-Resolution RF-XGBoost Ensemble + class-510 recovery + class-518-weighted temporal voting,lodo,Leave-one-day-out (Apr11-Apr13),505,0.0,0.0,0.0,0.0,0.0,0.0,33.0,149.0
ensemble_class_aware,Calibrated Multi-Resolution RF-XGBoost Ensemble + class-510 recovery + class-518-weighted temporal voting,lodo,Leave-one-day-out (Apr11-Apr13),506,0.6908517350157729,0.0,0.6759259259259259,0.0,0.6833073322932918,0.0,324.0,317.0
ensemble_class_aware,Calibrated Multi-Resolution RF-XGBoost Ensemble + class-510 recovery + class-518-weighted temporal voting,lodo,Leave-one-day-out (Apr11-Apr13),508,0.0,0.0,0.0,0.0,0.0,0.0,98.0,58.0
ensemble_class_aware,Calibrated Multi-Resolution RF-XGBoost Ensemble + class-510 recovery + class-518-weighted temporal voting,lodo,Leave-one-day-out (Apr11-Apr13),510,0.034129692832764506,0.0,0.25157232704402516,0.0,0.06010518407212622,0.0,159.0,1172.0
ensemble_class_aware,Calibrated Multi-Resolution RF-XGBoost Ensemble + class-510 recovery + class-518-weighted temporal voting,lodo,Leave-one-day-out (Apr11-Apr13),511,0.6210526315789474,0.0,0.30025445292620867,0.0,0.40480274442538594,0.0,393.0,190.0
ensemble_class_aware,Calibrated Multi-Resolution RF-XGBoost Ensemble + class-510 recovery + class-518-weighted temporal voting,lodo,Leave-one-day-out (Apr11-Apr13),512,0.6512455516014235,0.0,0.6019736842105263,0.0,0.6256410256410256,0.0,912.0,843.0
ensemble_class_aware,Calibrated Multi-Resolution RF-XGBoost Ensemble + class-510 recovery + class-518-weighted temporal voting,lodo,Leave-one-day-out (Apr11-Apr13),513,0.48714285714285716,0.0,0.29575021682567215,0.0,0.36805180787911496,0.0,1153.0,700.0
ensemble_class_aware,Calibrated Multi-Resolution RF-XGBoost Ensemble + class-510 recovery + class-518-weighted temporal voting,lodo,Leave-one-day-out (Apr11-Apr13),515,0.48058252427184467,0.0,0.16555183946488294,0.0,0.2462686567164179,0.0,598.0,206.0
ensemble_class_aware,Calibrated Multi-Resolution RF-XGBoost Ensemble + class-510 recovery + class-518-weighted temporal voting,lodo,Leave-one-day-out (Apr11-Apr13),516,0.0,0.0,0.0,0.0,0.0,0.0,13.0,160.0
ensemble_class_aware,Calibrated Multi-Resolution RF-XGBoost Ensemble + class-510 recovery + class-518-weighted temporal voting,lodo,Leave-one-day-out (Apr11-Apr13),517,0.4728682170542636,0.0,0.48031496062992124,0.0,0.4765625,0.0,127.0,129.0
ensemble_class_aware,Calibrated Multi-Resolution RF-XGBoost Ensemble + class-510 recovery + class-518-weighted temporal voting,lodo,Leave-one-day-out (Apr11-Apr13),518,0.1864406779661017,0.0,0.25,0.0,0.21359223300970873,0.0,132.0,177.0
ensemble_class_aware,Calibrated Multi-Resolution RF-XGBoost Ensemble + class-510 recovery + class-518-weighted temporal voting,lodo,Leave-one-day-out (Apr11-Apr13),520,0.8791666666666667,0.0,0.6199804113614104,0.0,0.7271682940838599,0.0,1021.0,720.0
ensemble_class_aware,Calibrated Multi-Resolution RF-XGBoost Ensemble + class-510 recovery + class-518-weighted temporal voting,lodo,Leave-one-day-out (Apr11-Apr13),521,0.0,0.0,0.0,0.0,0.0,0.0,2.0,208.0
ensemble_class_aware,Calibrated Multi-Resolution RF-XGBoost Ensemble + class-510 recovery + class-518-weighted temporal voting,lodo,Leave-one-day-out (Apr11-Apr13),522,0.6643835616438356,0.0,0.11686746987951807,0.0,0.1987704918032787,0.0,830.0,146.0
ensemble_class_aware,Calibrated Multi-Resolution RF-XGBoost Ensemble + class-510 recovery + class-518-weighted temporal voting,lodo,Leave-one-day-out (Apr11-Apr13),523,0.5593989511899959,0.0,0.8263071652018472,0.0,0.6671477539238679,0.0,6713.0,9916.0
ensemble_class_aware,Calibrated Multi-Resolution RF-XGBoost Ensemble + class-510 recovery + class-518-weighted temporal voting,lodo,Leave-one-day-out (Apr11-Apr13),cafeteria,0.46294881588999237,0.0,0.42417172188520763,0.0,0.4427127724339462,0.0,4286.0,3927.0
ensemble_class_aware,Calibrated Multi-Resolution RF-XGBoost Ensemble + class-510 recovery + class-518-weighted temporal voting,lodo,Leave-one-day-out (Apr11-Apr13),cleaning,0.5627668659265584,0.0,0.48851000741289846,0.0,0.523015873015873,0.0,1349.0,1171.0
ensemble_class_aware,Calibrated Multi-Resolution RF-XGBoost Ensemble + class-510 recovery + class-518-weighted temporal voting,lodo,Leave-one-day-out (Apr11-Apr13),hallway,0.02404809619238477,0.0,0.020761245674740483,0.0,0.022284122562674095,0.0,578.0,499.0
ensemble_class_aware,Calibrated Multi-Resolution RF-XGBoost Ensemble + class-510 recovery + class-518-weighted temporal voting,lodo,Leave-one-day-out (Apr11-Apr13),kitchen,0.7437034917000572,0.0,0.5938749857159182,0.0,0.660397738102802,0.0,8751.0,6988.0
ensemble_class_aware,Calibrated Multi-Resolution RF-XGBoost Ensemble + class-510 recovery + class-518-weighted temporal voting,lodo,Leave-one-day-out (Apr11-Apr13),nurse station,0.8034791377788982,0.0,0.8228763232636199,0.0,0.8130620575291791,0.0,7746.0,7933.0
rf_basic10,Random Forest (10 s RSSI summary features),forward,Strict expanding-forward,501,0.08834586466165413,0.0,0.11547911547911548,0.0,0.10010649627263046,0.0,407.0,532.0
rf_basic10,Random Forest (10 s RSSI summary features),forward,Strict expanding-forward,502,0.379746835443038,0.0,0.15424164524421594,0.0,0.21937842778793418,0.0,389.0,158.0
rf_basic10,Random Forest (10 s RSSI summary features),forward,Strict expanding-forward,503,0.0,0.0,0.0,0.0,0.0,0.0,251.0,22.0
rf_basic10,Random Forest (10 s RSSI summary features),forward,Strict expanding-forward,505,0.0,0.0,0.0,0.0,0.0,0.0,33.0,0.0
rf_basic10,Random Forest (10 s RSSI summary features),forward,Strict expanding-forward,506,0.7092198581560284,0.0,0.6172839506172839,0.0,0.6600660066006601,0.0,324.0,282.0
rf_basic10,Random Forest (10 s RSSI summary features),forward,Strict expanding-forward,508,0.020833333333333332,0.0,0.01020408163265306,0.0,0.0136986301369863,0.0,98.0,48.0
rf_basic10,Random Forest (10 s RSSI summary features),forward,Strict expanding-forward,510,0.0,0.0,0.0,0.0,0.0,0.0,159.0,0.0
rf_basic10,Random Forest (10 s RSSI summary features),forward,Strict expanding-forward,511,0.4734848484848485,0.0,0.31806615776081426,0.0,0.380517503805175,0.0,393.0,264.0
rf_basic10,Random Forest (10 s RSSI summary features),forward,Strict expanding-forward,512,0.5386416861826698,0.0,0.25219298245614036,0.0,0.3435399551904406,0.0,912.0,427.0
rf_basic10,Random Forest (10 s RSSI summary features),forward,Strict expanding-forward,513,0.3870967741935484,0.0,0.05203816131830009,0.0,0.09174311926605505,0.0,1153.0,155.0
rf_basic10,Random Forest (10 s RSSI summary features),forward,Strict expanding-forward,515,0.5563380281690141,0.0,0.13210702341137123,0.0,0.21351351351351353,0.0,598.0,142.0
rf_basic10,Random Forest (10 s RSSI summary features),forward,Strict expanding-forward,516,0.14814814814814814,0.0,0.6153846153846154,0.0,0.23880597014925373,0.0,13.0,54.0
rf_basic10,Random Forest (10 s RSSI summary features),forward,Strict expanding-forward,517,0.18666666666666668,0.0,0.11023622047244094,0.0,0.13861386138613863,0.0,127.0,75.0
rf_basic10,Random Forest (10 s RSSI summary features),forward,Strict expanding-forward,518,0.0,0.0,0.0,0.0,0.0,0.0,132.0,6.0
rf_basic10,Random Forest (10 s RSSI summary features),forward,Strict expanding-forward,520,0.828996282527881,0.0,0.43682664054848186,0.0,0.5721616420782553,0.0,1021.0,538.0
rf_basic10,Random Forest (10 s RSSI summary features),forward,Strict expanding-forward,521,0.0,0.0,0.0,0.0,0.0,0.0,2.0,1.0
rf_basic10,Random Forest (10 s RSSI summary features),forward,Strict expanding-forward,522,0.20276497695852536,0.0,0.05301204819277108,0.0,0.08404966571155682,0.0,830.0,217.0
rf_basic10,Random Forest (10 s RSSI summary features),forward,Strict expanding-forward,523,0.4111876299376299,0.0,0.942797556978996,0.0,0.572630626555078,0.0,6713.0,15392.0
rf_basic10,Random Forest (10 s RSSI summary features),forward,Strict expanding-forward,cafeteria,0.5039916695591808,0.0,0.33877741483901075,0.0,0.4051904562578485,0.0,4286.0,2881.0
rf_basic10,Random Forest (10 s RSSI summary features),forward,Strict expanding-forward,cleaning,0.6012658227848101,0.0,0.352112676056338,0.0,0.44413277232351567,0.0,1349.0,790.0
rf_basic10,Random Forest (10 s RSSI summary features),forward,Strict expanding-forward,hallway,0.03415559772296015,0.0,0.031141868512110725,0.0,0.03257918552036199,0.0,578.0,527.0
rf_basic10,Random Forest (10 s RSSI summary features),forward,Strict expanding-forward,kitchen,0.7267568018694709,0.0,0.49754313792709404,0.0,0.5906932573599241,0.0,8751.0,5991.0
rf_basic10,Random Forest (10 s RSSI summary features),forward,Strict expanding-forward,nurse station,0.7886126497488084,0.0,0.7903434030467338,0.0,0.7894770778257786,0.0,7746.0,7763.0
xgb_rich60_kl_full_smote,XGBoost (60 s rich features + KL-full relabeling + SMOTE),forward,Strict expanding-forward,501,0.15699658703071673,0.0,0.11302211302211303,0.0,0.13142857142857142,0.0,407.0,293.0
xgb_rich60_kl_full_smote,XGBoost (60 s rich features + KL-full relabeling + SMOTE),forward,Strict expanding-forward,502,0.0,0.0,0.0,0.0,0.0,0.0,389.0,115.0
xgb_rich60_kl_full_smote,XGBoost (60 s rich features + KL-full relabeling + SMOTE),forward,Strict expanding-forward,503,0.028985507246376812,0.0,0.00796812749003984,0.0,0.0125,0.0,251.0,69.0
xgb_rich60_kl_full_smote,XGBoost (60 s rich features + KL-full relabeling + SMOTE),forward,Strict expanding-forward,505,0.0,0.0,0.0,0.0,0.0,0.0,33.0,158.0
xgb_rich60_kl_full_smote,XGBoost (60 s rich features + KL-full relabeling + SMOTE),forward,Strict expanding-forward,506,0.7894736842105263,0.0,0.37037037037037035,0.0,0.5042016806722689,0.0,324.0,152.0
xgb_rich60_kl_full_smote,XGBoost (60 s rich features + KL-full relabeling + SMOTE),forward,Strict expanding-forward,508,0.0,0.0,0.0,0.0,0.0,0.0,98.0,36.0
xgb_rich60_kl_full_smote,XGBoost (60 s rich features + KL-full relabeling + SMOTE),forward,Strict expanding-forward,510,0.29411764705882354,0.0,0.22012578616352202,0.0,0.2517985611510791,0.0,159.0,119.0
xgb_rich60_kl_full_smote,XGBoost (60 s rich features + KL-full relabeling + SMOTE),forward,Strict expanding-forward,511,0.1825,0.0,0.18575063613231552,0.0,0.1841109709962169,0.0,393.0,400.0
xgb_rich60_kl_full_smote,XGBoost (60 s rich features + KL-full relabeling + SMOTE),forward,Strict expanding-forward,512,0.1791277258566978,0.0,0.25219298245614036,0.0,0.20947176684881602,0.0,912.0,1284.0
xgb_rich60_kl_full_smote,XGBoost (60 s rich features + KL-full relabeling + SMOTE),forward,Strict expanding-forward,513,0.6748466257668712,0.0,0.2862098872506505,0.0,0.40194884287454324,0.0,1153.0,489.0
xgb_rich60_kl_full_smote,XGBoost (60 s rich features + KL-full relabeling + SMOTE),forward,Strict expanding-forward,515,0.48717948717948717,0.0,0.22240802675585283,0.0,0.30539609644087257,0.0,598.0,273.0
xgb_rich60_kl_full_smote,XGBoost (60 s rich features + KL-full relabeling + SMOTE),forward,Strict expanding-forward,516,0.0,0.0,0.0,0.0,0.0,0.0,13.0,138.0
xgb_rich60_kl_full_smote,XGBoost (60 s rich features + KL-full relabeling + SMOTE),forward,Strict expanding-forward,517,0.1449814126394052,0.0,0.30708661417322836,0.0,0.19696969696969696,0.0,127.0,269.0
xgb_rich60_kl_full_smote,XGBoost (60 s rich features + KL-full relabeling + SMOTE),forward,Strict expanding-forward,518,0.0,0.0,0.0,0.0,0.0,0.0,132.0,23.0
xgb_rich60_kl_full_smote,XGBoost (60 s rich features + KL-full relabeling + SMOTE),forward,Strict expanding-forward,520,0.8108108108108109,0.0,0.4407443682664055,0.0,0.5710659898477157,0.0,1021.0,555.0
xgb_rich60_kl_full_smote,XGBoost (60 s rich features + KL-full relabeling + SMOTE),forward,Strict expanding-forward,521,0.0,0.0,0.0,0.0,0.0,0.0,2.0,188.0
xgb_rich60_kl_full_smote,XGBoost (60 s rich features + KL-full relabeling + SMOTE),forward,Strict expanding-forward,522,0.41875,0.0,0.1614457831325301,0.0,0.23304347826086957,0.0,830.0,320.0
xgb_rich60_kl_full_smote,XGBoost (60 s rich features + KL-full relabeling + SMOTE),forward,Strict expanding-forward,523,0.5388660483793861,0.0,0.8395650230895277,0.0,0.6564174237130211,0.0,6713.0,10459.0
xgb_rich60_kl_full_smote,XGBoost (60 s rich features + KL-full relabeling + SMOTE),forward,Strict expanding-forward,cafeteria,0.3753280839895013,0.0,0.4003733084461036,0.0,0.38744637615714606,0.0,4286.0,4572.0
xgb_rich60_kl_full_smote,XGBoost (60 s rich features + KL-full relabeling + SMOTE),forward,Strict expanding-forward,cleaning,0.43243243243243246,0.0,0.39140103780578206,0.0,0.41089494163424123,0.0,1349.0,1221.0
xgb_rich60_kl_full_smote,XGBoost (60 s rich features + KL-full relabeling + SMOTE),forward,Strict expanding-forward,hallway,0.0018552875695732839,0.0,0.0034602076124567475,0.0,0.0024154589371980675,0.0,578.0,1078.0
xgb_rich60_kl_full_smote,XGBoost (60 s rich features + KL-full relabeling + SMOTE),forward,Strict expanding-forward,kitchen,0.7305754846588307,0.0,0.5469089246943206,0.0,0.6255391452097765,0.0,8751.0,6551.0
xgb_rich60_kl_full_smote,XGBoost (60 s rich features + KL-full relabeling + SMOTE),forward,Strict expanding-forward,nurse station,0.7848860455817673,0.0,0.7602633617350891,0.0,0.7723785166240409,0.0,7746.0,7503.0
xgb_rich60_symmetric_smote,XGBoost (60 s rich features + symmetric relabeling + SMOTE),forward,Strict expanding-forward,501,0.1732283464566929,0.0,0.21621621621621623,0.0,0.1923497267759563,0.0,407.0,508.0
xgb_rich60_symmetric_smote,XGBoost (60 s rich features + symmetric relabeling + SMOTE),forward,Strict expanding-forward,502,0.0,0.0,0.0,0.0,0.0,0.0,389.0,213.0
xgb_rich60_symmetric_smote,XGBoost (60 s rich features + symmetric relabeling + SMOTE),forward,Strict expanding-forward,503,0.0,0.0,0.0,0.0,0.0,0.0,251.0,36.0
xgb_rich60_symmetric_smote,XGBoost (60 s rich features + symmetric relabeling + SMOTE),forward,Strict expanding-forward,505,0.0,0.0,0.0,0.0,0.0,0.0,33.0,21.0
xgb_rich60_symmetric_smote,XGBoost (60 s rich features + symmetric relabeling + SMOTE),forward,Strict expanding-forward,506,0.09674502712477397,0.0,0.33024691358024694,0.0,0.14965034965034965,0.0,324.0,1106.0
xgb_rich60_symmetric_smote,XGBoost (60 s rich features + symmetric relabeling + SMOTE),forward,Strict expanding-forward,508,0.0,0.0,0.0,0.0,0.0,0.0,98.0,98.0
xgb_rich60_symmetric_smote,XGBoost (60 s rich features + symmetric relabeling + SMOTE),forward,Strict expanding-forward,510,0.2033898305084746,0.0,0.22641509433962265,0.0,0.21428571428571427,0.0,159.0,177.0
xgb_rich60_symmetric_smote,XGBoost (60 s rich features + symmetric relabeling + SMOTE),forward,Strict expanding-forward,511,0.30578512396694213,0.0,0.18829516539440203,0.0,0.23307086614173228,0.0,393.0,242.0
xgb_rich60_symmetric_smote,XGBoost (60 s rich features + symmetric relabeling + SMOTE),forward,Strict expanding-forward,512,0.6151603498542274,0.0,0.46271929824561403,0.0,0.5281602002503129,0.0,912.0,686.0
xgb_rich60_symmetric_smote,XGBoost (60 s rich features + symmetric relabeling + SMOTE),forward,Strict expanding-forward,513,0.5119453924914675,0.0,0.13009540329575023,0.0,0.2074688796680498,0.0,1153.0,293.0
xgb_rich60_symmetric_smote,XGBoost (60 s rich features + symmetric relabeling + SMOTE),forward,Strict expanding-forward,515,0.4156378600823045,0.0,0.1688963210702341,0.0,0.24019024970273484,0.0,598.0,243.0
xgb_rich60_symmetric_smote,XGBoost (60 s rich features + symmetric relabeling + SMOTE),forward,Strict expanding-forward,516,0.0,0.0,0.0,0.0,0.0,0.0,13.0,145.0
xgb_rich60_symmetric_smote,XGBoost (60 s rich features + symmetric relabeling + SMOTE),forward,Strict expanding-forward,517,0.168,0.0,0.33070866141732286,0.0,0.22281167108753316,0.0,127.0,250.0
xgb_rich60_symmetric_smote,XGBoost (60 s rich features + symmetric relabeling + SMOTE),forward,Strict expanding-forward,518,0.10714285714285714,0.0,0.022727272727272728,0.0,0.0375,0.0,132.0,28.0
xgb_rich60_symmetric_smote,XGBoost (60 s rich features + symmetric relabeling + SMOTE),forward,Strict expanding-forward,520,0.8118393234672304,0.0,0.376101860920666,0.0,0.5140562248995983,0.0,1021.0,473.0
xgb_rich60_symmetric_smote,XGBoost (60 s rich features + symmetric relabeling + SMOTE),forward,Strict expanding-forward,521,0.0,0.0,0.0,0.0,0.0,0.0,2.0,204.0
xgb_rich60_symmetric_smote,XGBoost (60 s rich features + symmetric relabeling + SMOTE),forward,Strict expanding-forward,522,0.5975308641975309,0.0,0.29156626506024097,0.0,0.39190283400809717,0.0,830.0,405.0
xgb_rich60_symmetric_smote,XGBoost (60 s rich features + symmetric relabeling + SMOTE),forward,Strict expanding-forward,523,0.5487985760901809,0.0,0.8267540592879488,0.0,0.6596933317484844,0.0,6713.0,10113.0
xgb_rich60_symmetric_smote,XGBoost (60 s rich features + symmetric relabeling + SMOTE),forward,Strict expanding-forward,cafeteria,0.36365605371453325,0.0,0.391740550629958,0.0,0.37717623273054024,0.0,4286.0,4617.0
xgb_rich60_symmetric_smote,XGBoost (60 s rich features + symmetric relabeling + SMOTE),forward,Strict expanding-forward,cleaning,0.42770628311884934,0.0,0.41882876204596,0.0,0.4232209737827715,0.0,1349.0,1321.0
xgb_rich60_symmetric_smote,XGBoost (60 s rich features + symmetric relabeling + SMOTE),forward,Strict expanding-forward,hallway,0.0046641791044776115,0.0,0.00865051903114187,0.0,0.006060606060606061,0.0,578.0,1072.0
xgb_rich60_symmetric_smote,XGBoost (60 s rich features + symmetric relabeling + SMOTE),forward,Strict expanding-forward,kitchen,0.7400125825731362,0.0,0.5376528396754656,0.0,0.6228075981203256,0.0,8751.0,6358.0
xgb_rich60_symmetric_smote,XGBoost (60 s rich features + symmetric relabeling + SMOTE),forward,Strict expanding-forward,nurse station,0.790491118077325,0.0,0.7813064807642655,0.0,0.7858719646799117,0.0,7746.0,7656.0
xgb_full60_kl,XGBoost (60 s full-statistics + KL-partial relabeling),forward,Strict expanding-forward,501,0.16066481994459833,0.0,0.14250614250614252,0.0,0.15104166666666666,0.0,407.0,361.0
xgb_full60_kl,XGBoost (60 s full-statistics + KL-partial relabeling),forward,Strict expanding-forward,502,0.0,0.0,0.0,0.0,0.0,0.0,389.0,291.0
xgb_full60_kl,XGBoost (60 s full-statistics + KL-partial relabeling),forward,Strict expanding-forward,503,0.17045454545454544,0.0,0.05976095617529881,0.0,0.08849557522123894,0.0,251.0,88.0
xgb_full60_kl,XGBoost (60 s full-statistics + KL-partial relabeling),forward,Strict expanding-forward,505,0.0,0.0,0.0,0.0,0.0,0.0,33.0,250.0
xgb_full60_kl,XGBoost (60 s full-statistics + KL-partial relabeling),forward,Strict expanding-forward,506,0.4701195219123506,0.0,0.36419753086419754,0.0,0.41043478260869565,0.0,324.0,251.0
xgb_full60_kl,XGBoost (60 s full-statistics + KL-partial relabeling),forward,Strict expanding-forward,508,0.0,0.0,0.0,0.0,0.0,0.0,98.0,167.0
xgb_full60_kl,XGBoost (60 s full-statistics + KL-partial relabeling),forward,Strict expanding-forward,510,0.22018348623853212,0.0,0.3018867924528302,0.0,0.2546419098143236,0.0,159.0,218.0
xgb_full60_kl,XGBoost (60 s full-statistics + KL-partial relabeling),forward,Strict expanding-forward,511,0.5935828877005348,0.0,0.2824427480916031,0.0,0.38275862068965516,0.0,393.0,187.0
xgb_full60_kl,XGBoost (60 s full-statistics + KL-partial relabeling),forward,Strict expanding-forward,512,0.22361623616236162,0.0,0.33223684210526316,0.0,0.26731363034847816,0.0,912.0,1355.0
xgb_full60_kl,XGBoost (60 s full-statistics + KL-partial relabeling),forward,Strict expanding-forward,513,0.4779270633397313,0.0,0.21595836947094535,0.0,0.2974910394265233,0.0,1153.0,521.0
xgb_full60_kl,XGBoost (60 s full-statistics + KL-partial relabeling),forward,Strict expanding-forward,515,0.6078431372549019,0.0,0.2591973244147157,0.0,0.3634232121922626,0.0,598.0,255.0
xgb_full60_kl,XGBoost (60 s full-statistics + KL-partial relabeling),forward,Strict expanding-forward,516,0.0,0.0,0.0,0.0,0.0,0.0,13.0,46.0
xgb_full60_kl,XGBoost (60 s full-statistics + KL-partial relabeling),forward,Strict expanding-forward,517,0.5692307692307692,0.0,0.29133858267716534,0.0,0.3854166666666667,0.0,127.0,65.0
xgb_full60_kl,XGBoost (60 s full-statistics + KL-partial relabeling),forward,Strict expanding-forward,518,0.08928571428571429,0.0,0.03787878787878788,0.0,0.05319148936170213,0.0,132.0,56.0
xgb_full60_kl,XGBoost (60 s full-statistics + KL-partial relabeling),forward,Strict expanding-forward,520,0.8409961685823755,0.0,0.4299706170421156,0.0,0.5690213869086196,0.0,1021.0,522.0
xgb_full60_kl,XGBoost (60 s full-statistics + KL-partial relabeling),forward,Strict expanding-forward,521,0.0,0.0,0.0,0.0,0.0,0.0,2.0,133.0
xgb_full60_kl,XGBoost (60 s full-statistics + KL-partial relabeling),forward,Strict expanding-forward,522,0.3785594639865997,0.0,0.27228915662650605,0.0,0.31674842326559216,0.0,830.0,597.0
xgb_full60_kl,XGBoost (60 s full-statistics + KL-partial relabeling),forward,Strict expanding-forward,523,0.5234608343771077,0.0,0.8093251899299866,0.0,0.6357360168499883,0.0,6713.0,10379.0
xgb_full60_kl,XGBoost (60 s full-statistics + KL-partial relabeling),forward,Strict expanding-forward,cafeteria,0.372995584475947,0.0,0.3744750349976668,0.0,0.3737338456164862,0.0,4286.0,4303.0
xgb_full60_kl,XGBoost (60 s full-statistics + KL-partial relabeling),forward,Strict expanding-forward,cleaning,0.44654088050314467,0.0,0.42105263157894735,0.0,0.4334223578786723,0.0,1349.0,1272.0
xgb_full60_kl,XGBoost (60 s full-statistics + KL-partial relabeling),forward,Strict expanding-forward,hallway,0.013157894736842105,0.0,0.02422145328719723,0.0,0.01705237515225335,0.0,578.0,1064.0
xgb_full60_kl,XGBoost (60 s full-statistics + KL-partial relabeling),forward,Strict expanding-forward,kitchen,0.7347752722810247,0.0,0.5473660153125357,0.0,0.627373935821873,0.0,8751.0,6519.0
xgb_full60_kl,XGBoost (60 s full-statistics + KL-partial relabeling),forward,Strict expanding-forward,nurse station,0.8,0.0,0.7606506584043378,0.0,0.7798292634504665,0.0,7746.0,7365.0
rf_paper60_kl,Random Forest (60 s paper-statistics + KL-partial relabeling),forward,Strict expanding-forward,501,0.17278617710583152,0.0,0.19656019656019655,0.0,0.1839080459770115,0.0,407.0,463.0
rf_paper60_kl,Random Forest (60 s paper-statistics + KL-partial relabeling),forward,Strict expanding-forward,502,0.0,0.0,0.0,0.0,0.0,0.0,389.0,184.0
rf_paper60_kl,Random Forest (60 s paper-statistics + KL-partial relabeling),forward,Strict expanding-forward,503,0.432258064516129,0.0,0.26693227091633465,0.0,0.33004926108374383,0.0,251.0,155.0
rf_paper60_kl,Random Forest (60 s paper-statistics + KL-partial relabeling),forward,Strict expanding-forward,505,0.0,0.0,0.0,0.0,0.0,0.0,33.0,250.0
rf_paper60_kl,Random Forest (60 s paper-statistics + KL-partial relabeling),forward,Strict expanding-forward,506,0.68,0.0,0.41975308641975306,0.0,0.5190839694656488,0.0,324.0,200.0
rf_paper60_kl,Random Forest (60 s paper-statistics + KL-partial relabeling),forward,Strict expanding-forward,508,0.0,0.0,0.0,0.0,0.0,0.0,98.0,37.0
rf_paper60_kl,Random Forest (60 s paper-statistics + KL-partial relabeling),forward,Strict expanding-forward,510,0.27058823529411763,0.0,0.2893081761006289,0.0,0.2796352583586626,0.0,159.0,170.0
rf_paper60_kl,Random Forest (60 s paper-statistics + KL-partial relabeling),forward,Strict expanding-forward,511,0.38953488372093026,0.0,0.17048346055979643,0.0,0.23716814159292035,0.0,393.0,172.0
rf_paper60_kl,Random Forest (60 s paper-statistics + KL-partial relabeling),forward,Strict expanding-forward,512,0.29691358024691356,0.0,0.5274122807017544,0.0,0.37993680884676145,0.0,912.0,1620.0
rf_paper60_kl,Random Forest (60 s paper-statistics + KL-partial relabeling),forward,Strict expanding-forward,513,0.5263157894736842,0.0,0.22549869904596703,0.0,0.31572556162720095,0.0,1153.0,494.0
rf_paper60_kl,Random Forest (60 s paper-statistics + KL-partial relabeling),forward,Strict expanding-forward,515,0.6350148367952523,0.0,0.35785953177257523,0.0,0.4577540106951872,0.0,598.0,337.0
rf_paper60_kl,Random Forest (60 s paper-statistics + KL-partial relabeling),forward,Strict expanding-forward,516,0.0,0.0,0.0,0.0,0.0,0.0,13.0,10.0
rf_paper60_kl,Random Forest (60 s paper-statistics + KL-partial relabeling),forward,Strict expanding-forward,517,0.2191780821917808,0.0,0.12598425196850394,0.0,0.16,0.0,127.0,73.0
rf_paper60_kl,Random Forest (60 s paper-statistics + KL-partial relabeling),forward,Strict expanding-forward,518,0.078125,0.0,0.03787878787878788,0.0,0.05102040816326531,0.0,132.0,64.0
rf_paper60_kl,Random Forest (60 s paper-statistics + KL-partial relabeling),forward,Strict expanding-forward,520,0.7237237237237237,0.0,0.4720861900097943,0.0,0.5714285714285714,0.0,1021.0,666.0
rf_paper60_kl,Random Forest (60 s paper-statistics + KL-partial relabeling),forward,Strict expanding-forward,521,0.0,0.0,0.0,0.0,0.0,0.0,2.0,66.0
rf_paper60_kl,Random Forest (60 s paper-statistics + KL-partial relabeling),forward,Strict expanding-forward,522,0.4400921658986175,0.0,0.23012048192771084,0.0,0.3022151898734177,0.0,830.0,434.0
rf_paper60_kl,Random Forest (60 s paper-statistics + KL-partial relabeling),forward,Strict expanding-forward,523,0.518629751290474,0.0,0.823178906599136,0.0,0.6363426992169507,0.0,6713.0,10655.0
rf_paper60_kl,Random Forest (60 s paper-statistics + KL-partial relabeling),forward,Strict expanding-forward,cafeteria,0.39709200300827274,0.0,0.36957536164255717,0.0,0.3828398791540786,0.0,4286.0,3989.0
rf_paper60_kl,Random Forest (60 s paper-statistics + KL-partial relabeling),forward,Strict expanding-forward,cleaning,0.4161073825503356,0.0,0.18383988139362492,0.0,0.255012853470437,0.0,1349.0,596.0
rf_paper60_kl,Random Forest (60 s paper-statistics + KL-partial relabeling),forward,Strict expanding-forward,hallway,0.020278833967046894,0.0,0.02768166089965398,0.0,0.023408924652523776,0.0,578.0,789.0
rf_paper60_kl,Random Forest (60 s paper-statistics + KL-partial relabeling),forward,Strict expanding-forward,kitchen,0.7494245314041433,0.0,0.5208547594560622,0.0,0.6145756084406391,0.0,8751.0,6082.0
rf_paper60_kl,Random Forest (60 s paper-statistics + KL-partial relabeling),forward,Strict expanding-forward,nurse station,0.7334170567416372,0.0,0.8293312677510973,0.0,0.778430778551954,0.0,7746.0,8759.0
lgbm_basic60_kl_full_smote,LightGBM (60 s RSSI summary + KL-full relabeling + SMOTE),forward,Strict expanding-forward,501,0.1157556270096463,0.0,0.08845208845208845,0.0,0.10027855153203342,0.0,407.0,311.0
lgbm_basic60_kl_full_smote,LightGBM (60 s RSSI summary + KL-full relabeling + SMOTE),forward,Strict expanding-forward,502,0.0,0.0,0.0,0.0,0.0,0.0,389.0,142.0
lgbm_basic60_kl_full_smote,LightGBM (60 s RSSI summary + KL-full relabeling + SMOTE),forward,Strict expanding-forward,503,0.5813953488372093,0.0,0.199203187250996,0.0,0.29673590504451036,0.0,251.0,86.0
lgbm_basic60_kl_full_smote,LightGBM (60 s RSSI summary + KL-full relabeling + SMOTE),forward,Strict expanding-forward,505,0.0,0.0,0.0,0.0,0.0,0.0,33.0,270.0
lgbm_basic60_kl_full_smote,LightGBM (60 s RSSI summary + KL-full relabeling + SMOTE),forward,Strict expanding-forward,506,0.41964285714285715,0.0,0.14506172839506173,0.0,0.21559633027522937,0.0,324.0,112.0
lgbm_basic60_kl_full_smote,LightGBM (60 s RSSI summary + KL-full relabeling + SMOTE),forward,Strict expanding-forward,508,0.0,0.0,0.0,0.0,0.0,0.0,98.0,30.0
lgbm_basic60_kl_full_smote,LightGBM (60 s RSSI summary + KL-full relabeling + SMOTE),forward,Strict expanding-forward,510,0.28125,0.0,0.22641509433962265,0.0,0.2508710801393728,0.0,159.0,128.0
lgbm_basic60_kl_full_smote,LightGBM (60 s RSSI summary + KL-full relabeling + SMOTE),forward,Strict expanding-forward,511,0.18980169971671387,0.0,0.17048346055979643,0.0,0.17962466487935658,0.0,393.0,353.0
lgbm_basic60_kl_full_smote,LightGBM (60 s RSSI summary + KL-full relabeling + SMOTE),forward,Strict expanding-forward,512,0.21165048543689322,0.0,0.35855263157894735,0.0,0.2661782661782662,0.0,912.0,1545.0
lgbm_basic60_kl_full_smote,LightGBM (60 s RSSI summary + KL-full relabeling + SMOTE),forward,Strict expanding-forward,513,0.593186372745491,0.0,0.2567215958369471,0.0,0.3583535108958838,0.0,1153.0,499.0
lgbm_basic60_kl_full_smote,LightGBM (60 s RSSI summary + KL-full relabeling + SMOTE),forward,Strict expanding-forward,515,0.5319148936170213,0.0,0.16722408026755853,0.0,0.2544529262086514,0.0,598.0,188.0
lgbm_basic60_kl_full_smote,LightGBM (60 s RSSI summary + KL-full relabeling + SMOTE),forward,Strict expanding-forward,516,0.0,0.0,0.0,0.0,0.0,0.0,13.0,62.0
lgbm_basic60_kl_full_smote,LightGBM (60 s RSSI summary + KL-full relabeling + SMOTE),forward,Strict expanding-forward,517,0.36792452830188677,0.0,0.30708661417322836,0.0,0.33476394849785407,0.0,127.0,106.0
lgbm_basic60_kl_full_smote,LightGBM (60 s RSSI summary + KL-full relabeling + SMOTE),forward,Strict expanding-forward,518,0.046153846153846156,0.0,0.022727272727272728,0.0,0.030456852791878174,0.0,132.0,65.0
lgbm_basic60_kl_full_smote,LightGBM (60 s RSSI summary + KL-full relabeling + SMOTE),forward,Strict expanding-forward,520,0.7822736030828517,0.0,0.39764936336924583,0.0,0.5272727272727272,0.0,1021.0,519.0
lgbm_basic60_kl_full_smote,LightGBM (60 s RSSI summary + KL-full relabeling + SMOTE),forward,Strict expanding-forward,521,0.0,0.0,0.0,0.0,0.0,0.0,2.0,566.0
lgbm_basic60_kl_full_smote,LightGBM (60 s RSSI summary + KL-full relabeling + SMOTE),forward,Strict expanding-forward,522,0.5843137254901961,0.0,0.17951807228915662,0.0,0.2746543778801843,0.0,830.0,255.0
lgbm_basic60_kl_full_smote,LightGBM (60 s RSSI summary + KL-full relabeling + SMOTE),forward,Strict expanding-forward,523,0.5319988166847451,0.0,0.8036645315060331,0.0,0.6402041058502432,0.0,6713.0,10141.0
lgbm_basic60_kl_full_smote,LightGBM (60 s RSSI summary + KL-full relabeling + SMOTE),forward,Strict expanding-forward,cafeteria,0.40728544968100433,0.0,0.4617358842743817,0.0,0.4328048113723346,0.0,4286.0,4859.0
lgbm_basic60_kl_full_smote,LightGBM (60 s RSSI summary + KL-full relabeling + SMOTE),forward,Strict expanding-forward,cleaning,0.35994930291508237,0.0,0.42105263157894735,0.0,0.38811069354287664,0.0,1349.0,1578.0
lgbm_basic60_kl_full_smote,LightGBM (60 s RSSI summary + KL-full relabeling + SMOTE),forward,Strict expanding-forward,hallway,0.0007473841554559044,0.0,0.0017301038062283738,0.0,0.0010438413361169101,0.0,578.0,1338.0
lgbm_basic60_kl_full_smote,LightGBM (60 s RSSI summary + KL-full relabeling + SMOTE),forward,Strict expanding-forward,kitchen,0.7430112800392349,0.0,0.5193692149468632,0.0,0.6113801452784504,0.0,8751.0,6117.0
lgbm_basic60_kl_full_smote,LightGBM (60 s RSSI summary + KL-full relabeling + SMOTE),forward,Strict expanding-forward,nurse station,0.7997140814867763,0.0,0.7221791892589724,0.0,0.7589715758768062,0.0,7746.0,6995.0
rf_basic10_symmetric_smote,Random Forest (10 s RSSI summary + symmetric relabeling + SMOTE),forward,Strict expanding-forward,501,0.09480812641083522,0.0,0.10319410319410319,0.0,0.0988235294117647,0.0,407.0,443.0
rf_basic10_symmetric_smote,Random Forest (10 s RSSI summary + symmetric relabeling + SMOTE),forward,Strict expanding-forward,502,0.19863013698630136,0.0,0.07455012853470437,0.0,0.10841121495327102,0.0,389.0,146.0
rf_basic10_symmetric_smote,Random Forest (10 s RSSI summary + symmetric relabeling + SMOTE),forward,Strict expanding-forward,503,0.0,0.0,0.0,0.0,0.0,0.0,251.0,10.0
rf_basic10_symmetric_smote,Random Forest (10 s RSSI summary + symmetric relabeling + SMOTE),forward,Strict expanding-forward,505,0.0,0.0,0.0,0.0,0.0,0.0,33.0,9.0
rf_basic10_symmetric_smote,Random Forest (10 s RSSI summary + symmetric relabeling + SMOTE),forward,Strict expanding-forward,506,0.66875,0.0,0.6604938271604939,0.0,0.6645962732919255,0.0,324.0,320.0
rf_basic10_symmetric_smote,Random Forest (10 s RSSI summary + symmetric relabeling + SMOTE),forward,Strict expanding-forward,508,0.13793103448275862,0.0,0.04081632653061224,0.0,0.06299212598425197,0.0,98.0,29.0
rf_basic10_symmetric_smote,Random Forest (10 s RSSI summary + symmetric relabeling + SMOTE),forward,Strict expanding-forward,510,0.05555555555555555,0.0,0.031446540880503145,0.0,0.040160642570281124,0.0,159.0,90.0
rf_basic10_symmetric_smote,Random Forest (10 s RSSI summary + symmetric relabeling + SMOTE),forward,Strict expanding-forward,511,0.255050505050505,0.0,0.25699745547073793,0.0,0.25602027883396705,0.0,393.0,396.0
rf_basic10_symmetric_smote,Random Forest (10 s RSSI summary + symmetric relabeling + SMOTE),forward,Strict expanding-forward,512,0.2370848708487085,0.0,0.5635964912280702,0.0,0.33376623376623377,0.0,912.0,2168.0
rf_basic10_symmetric_smote,Random Forest (10 s RSSI summary + symmetric relabeling + SMOTE),forward,Strict expanding-forward,513,0.6910112359550562,0.0,0.10667823070251518,0.0,0.18482344102178813,0.0,1153.0,178.0
rf_basic10_symmetric_smote,Random Forest (10 s RSSI summary + symmetric relabeling + SMOTE),forward,Strict expanding-forward,515,0.6223776223776224,0.0,0.1488294314381271,0.0,0.24021592442645073,0.0,598.0,143.0
rf_basic10_symmetric_smote,Random Forest (10 s RSSI summary + symmetric relabeling + SMOTE),forward,Strict expanding-forward,516,0.04938271604938271,0.0,0.6153846153846154,0.0,0.09142857142857143,0.0,13.0,162.0
rf_basic10_symmetric_smote,Random Forest (10 s RSSI summary + symmetric relabeling + SMOTE),forward,Strict expanding-forward,517,0.19014084507042253,0.0,0.2125984251968504,0.0,0.20074349442379183,0.0,127.0,142.0
rf_basic10_symmetric_smote,Random Forest (10 s RSSI summary + symmetric relabeling + SMOTE),forward,Strict expanding-forward,518,0.012954966070326958,0.0,0.4772727272727273,0.0,0.025225225225225224,0.0,132.0,4863.0
rf_basic10_symmetric_smote,Random Forest (10 s RSSI summary + symmetric relabeling + SMOTE),forward,Strict expanding-forward,520,0.8244897959183674,0.0,0.395690499510284,0.0,0.5347452018530774,0.0,1021.0,490.0
rf_basic10_symmetric_smote,Random Forest (10 s RSSI summary + symmetric relabeling + SMOTE),forward,Strict expanding-forward,521,0.0,0.0,0.0,0.0,0.0,0.0,2.0,68.0
rf_basic10_symmetric_smote,Random Forest (10 s RSSI summary + symmetric relabeling + SMOTE),forward,Strict expanding-forward,522,0.2832618025751073,0.0,0.07951807228915662,0.0,0.12417685794920037,0.0,830.0,233.0
rf_basic10_symmetric_smote,Random Forest (10 s RSSI summary + symmetric relabeling + SMOTE),forward,Strict expanding-forward,523,0.4741623407267579,0.0,0.5986891106807687,0.0,0.5291987622621634,0.0,6713.0,8476.0
rf_basic10_symmetric_smote,Random Forest (10 s RSSI summary + symmetric relabeling + SMOTE),forward,Strict expanding-forward,cafeteria,0.49512605042016805,0.0,0.3436770881941204,0.0,0.40572923839691505,0.0,4286.0,2975.0
rf_basic10_symmetric_smote,Random Forest (10 s RSSI summary + symmetric relabeling + SMOTE),forward,Strict expanding-forward,cleaning,0.6254635352286774,0.0,0.37509266123054114,0.0,0.468952734012975,0.0,1349.0,809.0
rf_basic10_symmetric_smote,Random Forest (10 s RSSI summary + symmetric relabeling + SMOTE),forward,Strict expanding-forward,hallway,0.030821917808219176,0.0,0.031141868512110725,0.0,0.03098106712564544,0.0,578.0,584.0
rf_basic10_symmetric_smote,Random Forest (10 s RSSI summary + symmetric relabeling + SMOTE),forward,Strict expanding-forward,kitchen,0.7234395750332006,0.0,0.4980002285453091,0.0,0.5899153976311337,0.0,8751.0,6024.0
rf_basic10_symmetric_smote,Random Forest (10 s RSSI summary + symmetric relabeling + SMOTE),forward,Strict expanding-forward,nurse station,0.8032502997202611,0.0,0.7784663051897753,0.0,0.7906641316462335,0.0,7746.0,7507.0
rf_lagstack10,Random Forest (10 s causal lag-stack features),forward,Strict expanding-forward,501,0.10619469026548672,0.0,0.11793611793611794,0.0,0.11175785797438882,0.0,407.0,452.0
rf_lagstack10,Random Forest (10 s causal lag-stack features),forward,Strict expanding-forward,502,0.24096385542168675,0.0,0.10282776349614396,0.0,0.14414414414414414,0.0,389.0,166.0
rf_lagstack10,Random Forest (10 s causal lag-stack features),forward,Strict expanding-forward,503,0.0,0.0,0.0,0.0,0.0,0.0,251.0,7.0
rf_lagstack10,Random Forest (10 s causal lag-stack features),forward,Strict expanding-forward,505,0.0,0.0,0.0,0.0,0.0,0.0,33.0,0.0
rf_lagstack10,Random Forest (10 s causal lag-stack features),forward,Strict expanding-forward,506,0.6147308781869688,0.0,0.6697530864197531,0.0,0.6410635155096012,0.0,324.0,353.0
rf_lagstack10,Random Forest (10 s causal lag-stack features),forward,Strict expanding-forward,508,0.07352941176470588,0.0,0.05102040816326531,0.0,0.060240963855421686,0.0,98.0,68.0
rf_lagstack10,Random Forest (10 s causal lag-stack features),forward,Strict expanding-forward,510,0.0,0.0,0.0,0.0,0.0,0.0,159.0,0.0
rf_lagstack10,Random Forest (10 s causal lag-stack features),forward,Strict expanding-forward,511,0.45614035087719296,0.0,0.1984732824427481,0.0,0.2765957446808511,0.0,393.0,171.0
rf_lagstack10,Random Forest (10 s causal lag-stack features),forward,Strict expanding-forward,512,0.4932821497120921,0.0,0.2817982456140351,0.0,0.3586880669923238,0.0,912.0,521.0
rf_lagstack10,Random Forest (10 s causal lag-stack features),forward,Strict expanding-forward,513,0.46621621621621623,0.0,0.0598438855160451,0.0,0.10607225211375865,0.0,1153.0,148.0
rf_lagstack10,Random Forest (10 s causal lag-stack features),forward,Strict expanding-forward,515,0.6645569620253164,0.0,0.17558528428093645,0.0,0.2777777777777778,0.0,598.0,158.0
rf_lagstack10,Random Forest (10 s causal lag-stack features),forward,Strict expanding-forward,516,0.01694915254237288,0.0,0.07692307692307693,0.0,0.027777777777777776,0.0,13.0,59.0
rf_lagstack10,Random Forest (10 s causal lag-stack features),forward,Strict expanding-forward,517,0.1,0.0,0.09448818897637795,0.0,0.09716599190283401,0.0,127.0,120.0
rf_lagstack10,Random Forest (10 s causal lag-stack features),forward,Strict expanding-forward,518,0.6666666666666666,0.0,0.06060606060606061,0.0,0.1111111111111111,0.0,132.0,12.0
rf_lagstack10,Random Forest (10 s causal lag-stack features),forward,Strict expanding-forward,520,0.7631578947368421,0.0,0.39764936336924583,0.0,0.5228589826142949,0.0,1021.0,532.0
rf_lagstack10,Random Forest (10 s causal lag-stack features),forward,Strict expanding-forward,521,0.0,0.0,0.0,0.0,0.0,0.0,2.0,2.0
rf_lagstack10,Random Forest (10 s causal lag-stack features),forward,Strict expanding-forward,522,0.1527777777777778,0.0,0.05301204819277108,0.0,0.07871198568872988,0.0,830.0,288.0
rf_lagstack10,Random Forest (10 s causal lag-stack features),forward,Strict expanding-forward,523,0.3990239517112952,0.0,0.9256666170117682,0.0,0.5576595171856771,0.0,6713.0,15573.0
rf_lagstack10,Random Forest (10 s causal lag-stack features),forward,Strict expanding-forward,cafeteria,0.48079470198675495,0.0,0.25408306112925805,0.0,0.33246832544649674,0.0,4286.0,2265.0
rf_lagstack10,Random Forest (10 s causal lag-stack features),forward,Strict expanding-forward,cleaning,0.5455820476858345,0.0,0.2883617494440326,0.0,0.3773035887487876,0.0,1349.0,713.0
rf_lagstack10,Random Forest (10 s causal lag-stack features),forward,Strict expanding-forward,hallway,0.03155818540433925,0.0,0.02768166089965398,0.0,0.029493087557603687,0.0,578.0,507.0
rf_lagstack10,Random Forest (10 s causal lag-stack features),forward,Strict expanding-forward,kitchen,0.708189519924694,0.0,0.5158267626556965,0.0,0.5968925619834711,0.0,8751.0,6374.0
rf_lagstack10,Random Forest (10 s causal lag-stack features),forward,Strict expanding-forward,nurse station,0.7685185185185185,0.0,0.7714949651432997,0.0,0.7700038654812524,0.0,7746.0,7776.0
tcn10,Causal TCN (10 s RSSI + availability sequence),forward,Strict expanding-forward,501,0.11777777777777777,0.0,0.13022113022113022,0.0,0.12368728121353559,0.0,407.0,450.0
tcn10,Causal TCN (10 s RSSI + availability sequence),forward,Strict expanding-forward,502,0.25833333333333336,0.0,0.15938303341902313,0.0,0.1971383147853736,0.0,389.0,240.0
tcn10,Causal TCN (10 s RSSI + availability sequence),forward,Strict expanding-forward,503,0.0,0.0,0.0,0.0,0.0,0.0,251.0,3.0
tcn10,Causal TCN (10 s RSSI + availability sequence),forward,Strict expanding-forward,505,0.0,0.0,0.0,0.0,0.0,0.0,33.0,0.0
tcn10,Causal TCN (10 s RSSI + availability sequence),forward,Strict expanding-forward,506,0.4421052631578947,0.0,0.6481481481481481,0.0,0.5256570713391739,0.0,324.0,475.0
tcn10,Causal TCN (10 s RSSI + availability sequence),forward,Strict expanding-forward,508,0.046296296296296294,0.0,0.05102040816326531,0.0,0.04854368932038835,0.0,98.0,108.0
tcn10,Causal TCN (10 s RSSI + availability sequence),forward,Strict expanding-forward,510,0.0,0.0,0.0,0.0,0.0,0.0,159.0,0.0
tcn10,Causal TCN (10 s RSSI + availability sequence),forward,Strict expanding-forward,511,0.10459363957597173,0.0,0.37659033078880405,0.0,0.16371681415929204,0.0,393.0,1415.0
tcn10,Causal TCN (10 s RSSI + availability sequence),forward,Strict expanding-forward,512,0.4207920792079208,0.0,0.27960526315789475,0.0,0.3359683794466403,0.0,912.0,606.0
tcn10,Causal TCN (10 s RSSI + availability sequence),forward,Strict expanding-forward,513,0.5510204081632653,0.0,0.09366869037294015,0.0,0.16011860637509265,0.0,1153.0,196.0
tcn10,Causal TCN (10 s RSSI + availability sequence),forward,Strict expanding-forward,515,0.6751269035532995,0.0,0.22240802675585283,0.0,0.33459119496855344,0.0,598.0,197.0
tcn10,Causal TCN (10 s RSSI + availability sequence),forward,Strict expanding-forward,516,0.14606741573033707,0.0,1.0,0.0,0.2549019607843137,0.0,13.0,89.0
tcn10,Causal TCN (10 s RSSI + availability sequence),forward,Strict expanding-forward,517,0.24691358024691357,0.0,0.15748031496062992,0.0,0.19230769230769232,0.0,127.0,81.0
tcn10,Causal TCN (10 s RSSI + availability sequence),forward,Strict expanding-forward,518,0.03333333333333333,0.0,0.007575757575757576,0.0,0.012345679012345678,0.0,132.0,30.0
tcn10,Causal TCN (10 s RSSI + availability sequence),forward,Strict expanding-forward,520,0.6909090909090909,0.0,0.3721841332027424,0.0,0.48376830044557606,0.0,1021.0,550.0
tcn10,Causal TCN (10 s RSSI + availability sequence),forward,Strict expanding-forward,521,0.0,0.0,0.0,0.0,0.0,0.0,2.0,0.0
tcn10,Causal TCN (10 s RSSI + availability sequence),forward,Strict expanding-forward,522,0.22959183673469388,0.0,0.05421686746987952,0.0,0.08771929824561403,0.0,830.0,196.0
tcn10,Causal TCN (10 s RSSI + availability sequence),forward,Strict expanding-forward,523,0.3447209145931405,0.0,0.3817965142261284,0.0,0.36231269437376307,0.0,6713.0,7435.0
tcn10,Causal TCN (10 s RSSI + availability sequence),forward,Strict expanding-forward,cafeteria,0.42595744680851066,0.0,0.23355109659356044,0.0,0.30168776371308015,0.0,4286.0,2350.0
tcn10,Causal TCN (10 s RSSI + availability sequence),forward,Strict expanding-forward,cleaning,0.045454545454545456,0.0,0.30244625648628615,0.0,0.07903147699757869,0.0,1349.0,8976.0
tcn10,Causal TCN (10 s RSSI + availability sequence),forward,Strict expanding-forward,hallway,0.009029345372460496,0.0,0.020761245674740483,0.0,0.012585212375458836,0.0,578.0,1329.0
tcn10,Causal TCN (10 s RSSI + availability sequence),forward,Strict expanding-forward,kitchen,0.6921621195395048,0.0,0.5015426808364758,0.0,0.5816326530612245,0.0,8751.0,6341.0
tcn10,Causal TCN (10 s RSSI + availability sequence),forward,Strict expanding-forward,nurse station,0.7416313966910351,0.0,0.4976762199845081,0.0,0.5956427688504327,0.0,7746.0,5198.0
rf_topology10,Topology-Augmented Random Forest (10 s RSSI summary + floor-plan graph features),forward,Strict expanding-forward,501,0.07741935483870968,0.0,0.11793611793611794,0.0,0.0934761441090555,0.0,407.0,620.0
rf_topology10,Topology-Augmented Random Forest (10 s RSSI summary + floor-plan graph features),forward,Strict expanding-forward,502,0.33163265306122447,0.0,0.16709511568123395,0.0,0.2222222222222222,0.0,389.0,196.0
rf_topology10,Topology-Augmented Random Forest (10 s RSSI summary + floor-plan graph features),forward,Strict expanding-forward,503,0.0,0.0,0.0,0.0,0.0,0.0,251.0,10.0
rf_topology10,Topology-Augmented Random Forest (10 s RSSI summary + floor-plan graph features),forward,Strict expanding-forward,505,0.0,0.0,0.0,0.0,0.0,0.0,33.0,0.0
rf_topology10,Topology-Augmented Random Forest (10 s RSSI summary + floor-plan graph features),forward,Strict expanding-forward,506,0.6847826086956522,0.0,0.5833333333333334,0.0,0.63,0.0,324.0,276.0
rf_topology10,Topology-Augmented Random Forest (10 s RSSI summary + floor-plan graph features),forward,Strict expanding-forward,508,0.018867924528301886,0.0,0.01020408163265306,0.0,0.013245033112582781,0.0,98.0,53.0
rf_topology10,Topology-Augmented Random Forest (10 s RSSI summary + floor-plan graph features),forward,Strict expanding-forward,510,0.0,0.0,0.0,0.0,0.0,0.0,159.0,0.0
rf_topology10,Topology-Augmented Random Forest (10 s RSSI summary + floor-plan graph features),forward,Strict expanding-forward,511,0.44666666666666666,0.0,0.34096692111959287,0.0,0.38672438672438675,0.0,393.0,300.0
rf_topology10,Topology-Augmented Random Forest (10 s RSSI summary + floor-plan graph features),forward,Strict expanding-forward,512,0.5833333333333334,0.0,0.2532894736842105,0.0,0.3532110091743119,0.0,912.0,396.0
rf_topology10,Topology-Augmented Random Forest (10 s RSSI summary + floor-plan graph features),forward,Strict expanding-forward,513,0.4188034188034188,0.0,0.042497831743278404,0.0,0.07716535433070866,0.0,1153.0,117.0
rf_topology10,Topology-Augmented Random Forest (10 s RSSI summary + floor-plan graph features),forward,Strict expanding-forward,515,0.6261682242990654,0.0,0.11204013377926421,0.0,0.1900709219858156,0.0,598.0,107.0
rf_topology10,Topology-Augmented Random Forest (10 s RSSI summary + floor-plan graph features),forward,Strict expanding-forward,516,0.15151515151515152,0.0,0.38461538461538464,0.0,0.21739130434782608,0.0,13.0,33.0
rf_topology10,Topology-Augmented Random Forest (10 s RSSI summary + floor-plan graph features),forward,Strict expanding-forward,517,0.26262626262626265,0.0,0.2047244094488189,0.0,0.23008849557522124,0.0,127.0,99.0
rf_topology10,Topology-Augmented Random Forest (10 s RSSI summary + floor-plan graph features),forward,Strict expanding-forward,518,0.0,0.0,0.0,0.0,0.0,0.0,132.0,1.0
rf_topology10,Topology-Augmented Random Forest (10 s RSSI summary + floor-plan graph features),forward,Strict expanding-forward,520,0.7962962962962963,0.0,0.42115572967678744,0.0,0.5509288917360666,0.0,1021.0,540.0
rf_topology10,Topology-Augmented Random Forest (10 s RSSI summary + floor-plan graph features),forward,Strict expanding-forward,521,0.0,0.0,0.0,0.0,0.0,0.0,2.0,0.0
rf_topology10,Topology-Augmented Random Forest (10 s RSSI summary + floor-plan graph features),forward,Strict expanding-forward,522,0.176,0.0,0.05301204819277108,0.0,0.08148148148148149,0.0,830.0,250.0
rf_topology10,Topology-Augmented Random Forest (10 s RSSI summary + floor-plan graph features),forward,Strict expanding-forward,523,0.4146803369685888,0.0,0.9459258155817072,0.0,0.5765913011895033,0.0,6713.0,15313.0
rf_topology10,Topology-Augmented Random Forest (10 s RSSI summary + floor-plan graph features),forward,Strict expanding-forward,cafeteria,0.5060700659035726,0.0,0.34041063929071397,0.0,0.4070302692146743,0.0,4286.0,2883.0
rf_topology10,Topology-Augmented Random Forest (10 s RSSI summary + floor-plan graph features),forward,Strict expanding-forward,cleaning,0.5765432098765432,0.0,0.346182357301705,0.0,0.4326076887447893,0.0,1349.0,810.0
rf_topology10,Topology-Augmented Random Forest (10 s RSSI summary + floor-plan graph features),forward,Strict expanding-forward,hallway,0.032490974729241874,0.0,0.031141868512110725,0.0,0.03180212014134275,0.0,578.0,554.0
rf_topology10,Topology-Augmented Random Forest (10 s RSSI summary + floor-plan graph features),forward,Strict expanding-forward,kitchen,0.7322322322322322,0.0,0.5015426808364758,0.0,0.5953204476093591,0.0,8751.0,5994.0
rf_topology10,Topology-Augmented Random Forest (10 s RSSI summary + floor-plan graph features),forward,Strict expanding-forward,nurse station,0.7801115000648257,0.0,0.7767880196230312,0.0,0.7784462125622614,0.0,7746.0,7713.0
ensemble_calibrated,Calibrated Multi-Resolution RF-XGBoost Ensemble (11 s temporal voting),forward,Strict expanding-forward,501,0.20077220077220076,0.0,0.25552825552825553,0.0,0.22486486486486487,0.0,407.0,518.0
ensemble_calibrated,Calibrated Multi-Resolution RF-XGBoost Ensemble (11 s temporal voting),forward,Strict expanding-forward,502,0.0975609756097561,0.0,0.05141388174807198,0.0,0.06734006734006734,0.0,389.0,205.0
ensemble_calibrated,Calibrated Multi-Resolution RF-XGBoost Ensemble (11 s temporal voting),forward,Strict expanding-forward,503,0.0,0.0,0.0,0.0,0.0,0.0,251.0,8.0
ensemble_calibrated,Calibrated Multi-Resolution RF-XGBoost Ensemble (11 s temporal voting),forward,Strict expanding-forward,505,0.0,0.0,0.0,0.0,0.0,0.0,33.0,18.0
ensemble_calibrated,Calibrated Multi-Resolution RF-XGBoost Ensemble (11 s temporal voting),forward,Strict expanding-forward,506,0.7310344827586207,0.0,0.654320987654321,0.0,0.6905537459283387,0.0,324.0,290.0
ensemble_calibrated,Calibrated Multi-Resolution RF-XGBoost Ensemble (11 s temporal voting),forward,Strict expanding-forward,508,0.0,0.0,0.0,0.0,0.0,0.0,98.0,69.0
ensemble_calibrated,Calibrated Multi-Resolution RF-XGBoost Ensemble (11 s temporal voting),forward,Strict expanding-forward,510,0.23140495867768596,0.0,0.1761006289308176,0.0,0.2,0.0,159.0,121.0
ensemble_calibrated,Calibrated Multi-Resolution RF-XGBoost Ensemble (11 s temporal voting),forward,Strict expanding-forward,511,0.297029702970297,0.0,0.3053435114503817,0.0,0.30112923462986196,0.0,393.0,404.0
ensemble_calibrated,Calibrated Multi-Resolution RF-XGBoost Ensemble (11 s temporal voting),forward,Strict expanding-forward,512,0.21218487394957983,0.0,0.33223684210526316,0.0,0.258974358974359,0.0,912.0,1428.0
ensemble_calibrated,Calibrated Multi-Resolution RF-XGBoost Ensemble (11 s temporal voting),forward,Strict expanding-forward,513,0.6920980926430518,0.0,0.22029488291413704,0.0,0.33421052631578946,0.0,1153.0,367.0
ensemble_calibrated,Calibrated Multi-Resolution RF-XGBoost Ensemble (11 s temporal voting),forward,Strict expanding-forward,515,0.5765124555160143,0.0,0.2709030100334448,0.0,0.36860068259385664,0.0,598.0,281.0
ensemble_calibrated,Calibrated Multi-Resolution RF-XGBoost Ensemble (11 s temporal voting),forward,Strict expanding-forward,516,0.05228758169934641,0.0,0.6153846153846154,0.0,0.0963855421686747,0.0,13.0,153.0
ensemble_calibrated,Calibrated Multi-Resolution RF-XGBoost Ensemble (11 s temporal voting),forward,Strict expanding-forward,517,0.2222222222222222,0.0,0.4251968503937008,0.0,0.2918918918918919,0.0,127.0,243.0
ensemble_calibrated,Calibrated Multi-Resolution RF-XGBoost Ensemble (11 s temporal voting),forward,Strict expanding-forward,518,0.08333333333333333,0.0,0.015151515151515152,0.0,0.02564102564102564,0.0,132.0,24.0
ensemble_calibrated,Calibrated Multi-Resolution RF-XGBoost Ensemble (11 s temporal voting),forward,Strict expanding-forward,520,0.8264462809917356,0.0,0.5876591576885406,0.0,0.6868918145392101,0.0,1021.0,726.0
ensemble_calibrated,Calibrated Multi-Resolution RF-XGBoost Ensemble (11 s temporal voting),forward,Strict expanding-forward,521,0.0,0.0,0.0,0.0,0.0,0.0,2.0,60.0
ensemble_calibrated,Calibrated Multi-Resolution RF-XGBoost Ensemble (11 s temporal voting),forward,Strict expanding-forward,522,0.6192170818505338,0.0,0.20963855421686747,0.0,0.3132313231323132,0.0,830.0,281.0
ensemble_calibrated,Calibrated Multi-Resolution RF-XGBoost Ensemble (11 s temporal voting),forward,Strict expanding-forward,523,0.5406601867000289,0.0,0.8368836585729182,0.0,0.6569223573433115,0.0,6713.0,10391.0
ensemble_calibrated,Calibrated Multi-Resolution RF-XGBoost Ensemble (11 s temporal voting),forward,Strict expanding-forward,cafeteria,0.4785140005544774,0.0,0.40270648623425104,0.0,0.4373495502343849,0.0,4286.0,3607.0
ensemble_calibrated,Calibrated Multi-Resolution RF-XGBoost Ensemble (11 s temporal voting),forward,Strict expanding-forward,cleaning,0.5922671353251318,0.0,0.49962935507783546,0.0,0.5420184961801368,0.0,1349.0,1138.0
ensemble_calibrated,Calibrated Multi-Resolution RF-XGBoost Ensemble (11 s temporal voting),forward,Strict expanding-forward,hallway,0.02351313969571231,0.0,0.029411764705882353,0.0,0.026133743274404306,0.0,578.0,723.0
ensemble_calibrated,Calibrated Multi-Resolution RF-XGBoost Ensemble (11 s temporal voting),forward,Strict expanding-forward,kitchen,0.7444224795255577,0.0,0.6024454348074506,0.0,0.6659508621234131,0.0,8751.0,7082.0
ensemble_calibrated,Calibrated Multi-Resolution RF-XGBoost Ensemble (11 s temporal voting),forward,Strict expanding-forward,nurse station,0.8102854330708661,0.0,0.8502452878905241,0.0,0.8297845533576919,0.0,7746.0,8128.0
ensemble_room510,Calibrated Multi-Resolution RF-XGBoost Ensemble + class-510 probability recovery,forward,Strict expanding-forward,501,0.20077220077220076,0.0,0.25552825552825553,0.0,0.22486486486486487,0.0,407.0,518.0
ensemble_room510,Calibrated Multi-Resolution RF-XGBoost Ensemble + class-510 probability recovery,forward,Strict expanding-forward,502,0.0975609756097561,0.0,0.05141388174807198,0.0,0.06734006734006734,0.0,389.0,205.0
ensemble_room510,Calibrated Multi-Resolution RF-XGBoost Ensemble + class-510 probability recovery,forward,Strict expanding-forward,503,0.0,0.0,0.0,0.0,0.0,0.0,251.0,8.0
ensemble_room510,Calibrated Multi-Resolution RF-XGBoost Ensemble + class-510 probability recovery,forward,Strict expanding-forward,505,0.0,0.0,0.0,0.0,0.0,0.0,33.0,18.0
ensemble_room510,Calibrated Multi-Resolution RF-XGBoost Ensemble + class-510 probability recovery,forward,Strict expanding-forward,506,0.7310344827586207,0.0,0.654320987654321,0.0,0.6905537459283387,0.0,324.0,290.0
ensemble_room510,Calibrated Multi-Resolution RF-XGBoost Ensemble + class-510 probability recovery,forward,Strict expanding-forward,508,0.0,0.0,0.0,0.0,0.0,0.0,98.0,70.0
ensemble_room510,Calibrated Multi-Resolution RF-XGBoost Ensemble + class-510 probability recovery,forward,Strict expanding-forward,510,0.2597402597402597,0.0,0.25157232704402516,0.0,0.25559105431309903,0.0,159.0,154.0
ensemble_room510,Calibrated Multi-Resolution RF-XGBoost Ensemble + class-510 probability recovery,forward,Strict expanding-forward,511,0.30412371134020616,0.0,0.30025445292620867,0.0,0.30217669654289375,0.0,393.0,388.0
ensemble_room510,Calibrated Multi-Resolution RF-XGBoost Ensemble + class-510 probability recovery,forward,Strict expanding-forward,512,0.21218487394957983,0.0,0.33223684210526316,0.0,0.258974358974359,0.0,912.0,1428.0
ensemble_room510,Calibrated Multi-Resolution RF-XGBoost Ensemble + class-510 probability recovery,forward,Strict expanding-forward,513,0.6920980926430518,0.0,0.22029488291413704,0.0,0.33421052631578946,0.0,1153.0,367.0
ensemble_room510,Calibrated Multi-Resolution RF-XGBoost Ensemble + class-510 probability recovery,forward,Strict expanding-forward,515,0.5765124555160143,0.0,0.2709030100334448,0.0,0.36860068259385664,0.0,598.0,281.0
ensemble_room510,Calibrated Multi-Resolution RF-XGBoost Ensemble + class-510 probability recovery,forward,Strict expanding-forward,516,0.05228758169934641,0.0,0.6153846153846154,0.0,0.0963855421686747,0.0,13.0,153.0
ensemble_room510,Calibrated Multi-Resolution RF-XGBoost Ensemble + class-510 probability recovery,forward,Strict expanding-forward,517,0.2222222222222222,0.0,0.4251968503937008,0.0,0.2918918918918919,0.0,127.0,243.0
ensemble_room510,Calibrated Multi-Resolution RF-XGBoost Ensemble + class-510 probability recovery,forward,Strict expanding-forward,518,0.08333333333333333,0.0,0.015151515151515152,0.0,0.02564102564102564,0.0,132.0,24.0
ensemble_room510,Calibrated Multi-Resolution RF-XGBoost Ensemble + class-510 probability recovery,forward,Strict expanding-forward,520,0.8264462809917356,0.0,0.5876591576885406,0.0,0.6868918145392101,0.0,1021.0,726.0
ensemble_room510,Calibrated Multi-Resolution RF-XGBoost Ensemble + class-510 probability recovery,forward,Strict expanding-forward,521,0.0,0.0,0.0,0.0,0.0,0.0,2.0,51.0
ensemble_room510,Calibrated Multi-Resolution RF-XGBoost Ensemble + class-510 probability recovery,forward,Strict expanding-forward,522,0.6420664206642066,0.0,0.20963855421686747,0.0,0.31607629427792916,0.0,830.0,271.0
ensemble_room510,Calibrated Multi-Resolution RF-XGBoost Ensemble + class-510 probability recovery,forward,Strict expanding-forward,523,0.5407043879907621,0.0,0.8370326232682854,0.0,0.6570008769365683,0.0,6713.0,10392.0
ensemble_room510,Calibrated Multi-Resolution RF-XGBoost Ensemble + class-510 probability recovery,forward,Strict expanding-forward,cafeteria,0.4785140005544774,0.0,0.40270648623425104,0.0,0.4373495502343849,0.0,4286.0,3607.0
ensemble_room510,Calibrated Multi-Resolution RF-XGBoost Ensemble + class-510 probability recovery,forward,Strict expanding-forward,cleaning,0.5922671353251318,0.0,0.49962935507783546,0.0,0.5420184961801368,0.0,1349.0,1138.0
ensemble_room510,Calibrated Multi-Resolution RF-XGBoost Ensemble + class-510 probability recovery,forward,Strict expanding-forward,hallway,0.02351313969571231,0.0,0.029411764705882353,0.0,0.026133743274404306,0.0,578.0,723.0
ensemble_room510,Calibrated Multi-Resolution RF-XGBoost Ensemble + class-510 probability recovery,forward,Strict expanding-forward,kitchen,0.7444224795255577,0.0,0.6024454348074506,0.0,0.6659508621234131,0.0,8751.0,7082.0
ensemble_room510,Calibrated Multi-Resolution RF-XGBoost Ensemble + class-510 probability recovery,forward,Strict expanding-forward,nurse station,0.8102854330708661,0.0,0.8502452878905241,0.0,0.8297845533576919,0.0,7746.0,8128.0
ensemble_class_aware,Calibrated Multi-Resolution RF-XGBoost Ensemble + class-510 recovery + class-518-weighted temporal voting,forward,Strict expanding-forward,501,0.20077220077220076,0.0,0.25552825552825553,0.0,0.22486486486486487,0.0,407.0,518.0
ensemble_class_aware,Calibrated Multi-Resolution RF-XGBoost Ensemble + class-510 recovery + class-518-weighted temporal voting,forward,Strict expanding-forward,502,0.0975609756097561,0.0,0.05141388174807198,0.0,0.06734006734006734,0.0,389.0,205.0
ensemble_class_aware,Calibrated Multi-Resolution RF-XGBoost Ensemble + class-510 recovery + class-518-weighted temporal voting,forward,Strict expanding-forward,503,0.0,0.0,0.0,0.0,0.0,0.0,251.0,8.0
ensemble_class_aware,Calibrated Multi-Resolution RF-XGBoost Ensemble + class-510 recovery + class-518-weighted temporal voting,forward,Strict expanding-forward,505,0.0,0.0,0.0,0.0,0.0,0.0,33.0,18.0
ensemble_class_aware,Calibrated Multi-Resolution RF-XGBoost Ensemble + class-510 recovery + class-518-weighted temporal voting,forward,Strict expanding-forward,506,0.7310344827586207,0.0,0.654320987654321,0.0,0.6905537459283387,0.0,324.0,290.0
ensemble_class_aware,Calibrated Multi-Resolution RF-XGBoost Ensemble + class-510 recovery + class-518-weighted temporal voting,forward,Strict expanding-forward,508,0.0,0.0,0.0,0.0,0.0,0.0,98.0,70.0
ensemble_class_aware,Calibrated Multi-Resolution RF-XGBoost Ensemble + class-510 recovery + class-518-weighted temporal voting,forward,Strict expanding-forward,510,0.2597402597402597,0.0,0.25157232704402516,0.0,0.25559105431309903,0.0,159.0,154.0
ensemble_class_aware,Calibrated Multi-Resolution RF-XGBoost Ensemble + class-510 recovery + class-518-weighted temporal voting,forward,Strict expanding-forward,511,0.30412371134020616,0.0,0.30025445292620867,0.0,0.30217669654289375,0.0,393.0,388.0
ensemble_class_aware,Calibrated Multi-Resolution RF-XGBoost Ensemble + class-510 recovery + class-518-weighted temporal voting,forward,Strict expanding-forward,512,0.21218487394957983,0.0,0.33223684210526316,0.0,0.258974358974359,0.0,912.0,1428.0
ensemble_class_aware,Calibrated Multi-Resolution RF-XGBoost Ensemble + class-510 recovery + class-518-weighted temporal voting,forward,Strict expanding-forward,513,0.6920980926430518,0.0,0.22029488291413704,0.0,0.33421052631578946,0.0,1153.0,367.0
ensemble_class_aware,Calibrated Multi-Resolution RF-XGBoost Ensemble + class-510 recovery + class-518-weighted temporal voting,forward,Strict expanding-forward,515,0.5765124555160143,0.0,0.2709030100334448,0.0,0.36860068259385664,0.0,598.0,281.0
ensemble_class_aware,Calibrated Multi-Resolution RF-XGBoost Ensemble + class-510 recovery + class-518-weighted temporal voting,forward,Strict expanding-forward,516,0.05228758169934641,0.0,0.6153846153846154,0.0,0.0963855421686747,0.0,13.0,153.0
ensemble_class_aware,Calibrated Multi-Resolution RF-XGBoost Ensemble + class-510 recovery + class-518-weighted temporal voting,forward,Strict expanding-forward,517,0.2222222222222222,0.0,0.4251968503937008,0.0,0.2918918918918919,0.0,127.0,243.0
ensemble_class_aware,Calibrated Multi-Resolution RF-XGBoost Ensemble + class-510 recovery + class-518-weighted temporal voting,forward,Strict expanding-forward,518,0.3230769230769231,0.0,0.1590909090909091,0.0,0.2131979695431472,0.0,132.0,65.0
ensemble_class_aware,Calibrated Multi-Resolution RF-XGBoost Ensemble + class-510 recovery + class-518-weighted temporal voting,forward,Strict expanding-forward,520,0.84375,0.0,0.5817825661116552,0.0,0.688695652173913,0.0,1021.0,704.0
ensemble_class_aware,Calibrated Multi-Resolution RF-XGBoost Ensemble + class-510 recovery + class-518-weighted temporal voting,forward,Strict expanding-forward,521,0.0,0.0,0.0,0.0,0.0,0.0,2.0,51.0
ensemble_class_aware,Calibrated Multi-Resolution RF-XGBoost Ensemble + class-510 recovery + class-518-weighted temporal voting,forward,Strict expanding-forward,522,0.6420664206642066,0.0,0.20963855421686747,0.0,0.31607629427792916,0.0,830.0,271.0
ensemble_class_aware,Calibrated Multi-Resolution RF-XGBoost Ensemble + class-510 recovery + class-518-weighted temporal voting,forward,Strict expanding-forward,523,0.5412773335902129,0.0,0.8370326232682854,0.0,0.6574236574236574,0.0,6713.0,10381.0
ensemble_class_aware,Calibrated Multi-Resolution RF-XGBoost Ensemble + class-510 recovery + class-518-weighted temporal voting,forward,Strict expanding-forward,cafeteria,0.47779011660188786,0.0,0.4015398973401773,0.0,0.43635902636916835,0.0,4286.0,3602.0
ensemble_class_aware,Calibrated Multi-Resolution RF-XGBoost Ensemble + class-510 recovery + class-518-weighted temporal voting,forward,Strict expanding-forward,cleaning,0.5922671353251318,0.0,0.49962935507783546,0.0,0.5420184961801368,0.0,1349.0,1138.0
ensemble_class_aware,Calibrated Multi-Resolution RF-XGBoost Ensemble + class-510 recovery + class-518-weighted temporal voting,forward,Strict expanding-forward,hallway,0.02351313969571231,0.0,0.029411764705882353,0.0,0.026133743274404306,0.0,578.0,723.0
ensemble_class_aware,Calibrated Multi-Resolution RF-XGBoost Ensemble + class-510 recovery + class-518-weighted temporal voting,forward,Strict expanding-forward,kitchen,0.7444224795255577,0.0,0.6024454348074506,0.0,0.6659508621234131,0.0,8751.0,7082.0
ensemble_class_aware,Calibrated Multi-Resolution RF-XGBoost Ensemble + class-510 recovery + class-518-weighted temporal voting,forward,Strict expanding-forward,nurse station,0.8105846153846153,0.0,0.8502452878905241,0.0,0.8299414025581249,0.0,7746.0,8125.0
rf_basic10,Random Forest (10 s RSSI summary features),row_random,Naive stratified row-random 70/30,501,0.7744425287356322,0.09769431095066783,0.2425,0.023133444404152183,0.3688400769191186,0.03434959986260228,160.0,50.4
rf_basic10,Random Forest (10 s RSSI summary features),row_random,Naive stratified row-random 70/30,502,0.935373047354847,0.03745504345309096,0.36410256410256414,0.027430438522873878,0.5235664143194321,0.02875152737286885,117.0,45.6
rf_basic10,Random Forest (10 s RSSI summary features),row_random,Naive stratified row-random 70/30,503,0.8090982995694402,0.06410498831396125,0.4666666666666667,0.06394442031083625,0.5909067362234357,0.06426526334555324,75.0,43.2
rf_basic10,Random Forest (10 s RSSI summary features),row_random,Naive stratified row-random 70/30,505,0.9818181818181818,0.0406557814090871,0.9399999999999998,0.0547722557505166,0.9588972431077692,0.023079427435030275,10.0,9.6
rf_basic10,Random Forest (10 s RSSI summary features),row_random,Naive stratified row-random 70/30,506,0.8007663122901872,0.03922266575594574,0.9685950413223141,0.012258179317513485,0.8764081548717411,0.02702906515468508,121.0,146.6
rf_basic10,Random Forest (10 s RSSI summary features),row_random,Naive stratified row-random 70/30,508,0.9002978118783747,0.04009084943945745,0.5835616438356165,0.020775001216579565,0.7076381436037323,0.018803155339308396,73.0,47.4
rf_basic10,Random Forest (10 s RSSI summary features),row_random,Naive stratified row-random 70/30,510,0.8541649361342456,0.07936477816078674,0.4125,0.05187458165828639,0.553311599790473,0.048716781125458644,48.0,23.4
rf_basic10,Random Forest (10 s RSSI summary features),row_random,Naive stratified row-random 70/30,511,0.8966344175629573,0.023414740883897674,0.6164179104477612,0.015474956233826703,0.7302853320755501,0.008988431617631448,134.0,92.2
rf_basic10,Random Forest (10 s RSSI summary features),row_random,Naive stratified row-random 70/30,512,0.719503686493753,0.012767137457126737,0.6021897810218978,0.02779479235716757,0.6552981617062457,0.016718483516877852,274.0,229.4
rf_basic10,Random Forest (10 s RSSI summary features),row_random,Naive stratified row-random 70/30,513,0.9230194827177423,0.016533859227703,0.3676300578034682,0.023067132877728217,0.5255362294083732,0.02458016407865455,346.0,137.8
rf_basic10,Random Forest (10 s RSSI summary features),row_random,Naive stratified row-random 70/30,515,0.929085832412676,0.035160232218395863,0.6782122905027933,0.010148548672952491,0.7838675778122667,0.016056611852159498,179.0,130.8
rf_basic10,Random Forest (10 s RSSI summary features),row_random,Naive stratified row-random 70/30,516,1.0,0.0,0.8222222222222222,0.12668615834434868,0.898235294117647,0.07571316067211786,9.0,7.4
rf_basic10,Random Forest (10 s RSSI summary features),row_random,Naive stratified row-random 70/30,517,0.99,0.022360679774997918,0.4578947368421053,0.05456958250875717,0.624267915992054,0.05123006053580725,38.0,17.6
rf_basic10,Random Forest (10 s RSSI summary features),row_random,Naive stratified row-random 70/30,518,0.40599876130310913,0.04387013752831831,0.265,0.028504385627478448,0.32012385624325923,0.03158158274492008,40.0,26.2
rf_basic10,Random Forest (10 s RSSI summary features),row_random,Naive stratified row-random 70/30,520,0.9477792647880688,0.029352657321464068,0.5073313782991202,0.02820437545699608,0.6602096775480508,0.02163748305743355,341.0,182.8
rf_basic10,Random Forest (10 s RSSI summary features),row_random,Naive stratified row-random 70/30,521,0.0001229901288706261,0.00011229021375584405,0.6,0.5477225575051662,0.0002459298403873837,0.00022453438318049615,1.0,2927.4
rf_basic10,Random Forest (10 s RSSI summary features),row_random,Naive stratified row-random 70/30,522,0.7235826349706664,0.030608273570307726,0.553413654618474,0.02296542723774425,0.626592630863849,0.01592782600245143,249.0,190.8
rf_basic10,Random Forest (10 s RSSI summary features),row_random,Naive stratified row-random 70/30,523,0.7716193406928797,0.2550583476395419,0.4252252252252252,0.47779331396041913,0.3440445353858765,0.2777970124930115,2664.0,2180.8
rf_basic10,Random Forest (10 s RSSI summary features),row_random,Naive stratified row-random 70/30,cafeteria,0.7767412242836548,0.007475318479365482,0.6096673596673596,0.00917326538187256,0.6830650549096083,0.004057267523579408,1924.0,1510.4
rf_basic10,Random Forest (10 s RSSI summary features),row_random,Naive stratified row-random 70/30,cleaning,0.7574921010643882,0.04665985808105825,0.5912442396313364,0.023247923051851506,0.6639992788710687,0.0319273083761218,434.0,339.2
rf_basic10,Random Forest (10 s RSSI summary features),row_random,Naive stratified row-random 70/30,hallway,0.8751936823058042,0.027333982700232132,0.7044117647058823,0.018226463178998235,0.7803652472111265,0.01702719080193456,408.0,328.6
rf_basic10,Random Forest (10 s RSSI summary features),row_random,Naive stratified row-random 70/30,kitchen,0.7788206254897846,0.007377438565203067,0.5861313868613138,0.013166473066628335,0.6687477699195012,0.006434087194212356,3014.0,2268.8
rf_basic10,Random Forest (10 s RSSI summary features),row_random,Naive stratified row-random 70/30,nurse station,0.9312208689116284,0.006959108831806073,0.8568717653824036,0.009929697812883321,0.8924469791616516,0.004143249160756474,3478.0,3200.6
xgb_rich60_kl_full_smote,XGBoost (60 s rich features + KL-full relabeling + SMOTE),row_random,Naive stratified row-random 70/30,501,0.807831472285214,0.4233780204053221,0.66625,0.18846626024304722,0.6075219521703794,0.28672484461721814,160.0,708.2
xgb_rich60_kl_full_smote,XGBoost (60 s rich features + KL-full relabeling + SMOTE),row_random,Naive stratified row-random 70/30,502,0.9859365859365858,0.014391822905696326,0.5982905982905983,0.03963084827134916,0.7440930853247624,0.03169930093645057,117.0,71.0
xgb_rich60_kl_full_smote,XGBoost (60 s rich features + KL-full relabeling + SMOTE),row_random,Naive stratified row-random 70/30,503,0.9868421052631579,0.016115064097257756,0.992,0.011925695879998857,0.9893861949419975,0.012902880652876465,75.0,75.4
xgb_rich60_kl_full_smote,XGBoost (60 s rich features + KL-full relabeling + SMOTE),row_random,Naive stratified row-random 70/30,505,1.0,0.0,0.9399999999999998,0.0547722557505166,0.9684210526315787,0.028827503026587722,10.0,9.4
xgb_rich60_kl_full_smote,XGBoost (60 s rich features + KL-full relabeling + SMOTE),row_random,Naive stratified row-random 70/30,506,1.0,0.0,1.0,0.0,1.0,0.0,121.0,121.0
xgb_rich60_kl_full_smote,XGBoost (60 s rich features + KL-full relabeling + SMOTE),row_random,Naive stratified row-random 70/30,508,1.0,0.0,0.9917808219178081,0.0183786409109572,0.9958041958041959,0.009382103402096999,73.0,72.4
xgb_rich60_kl_full_smote,XGBoost (60 s rich features + KL-full relabeling + SMOTE),row_random,Naive stratified row-random 70/30,510,0.9959183673469388,0.009126808071427723,0.9916666666666668,0.01863389981249823,0.9936828251809608,0.009479468050996587,48.0,47.8
xgb_rich60_kl_full_smote,XGBoost (60 s rich features + KL-full relabeling + SMOTE),row_random,Naive stratified row-random 70/30,511,0.9908975248669905,0.009875395330842177,0.9701492537313433,0.005276916277511564,0.9804056453311667,0.007199661548777822,134.0,131.2
xgb_rich60_kl_full_smote,XGBoost (60 s rich features + KL-full relabeling + SMOTE),row_random,Naive stratified row-random 70/30,512,0.9757778838756236,0.004425349300107403,0.8795620437956204,0.015047830750429432,0.9250922049994326,0.006648610488835653,274.0,247.0
xgb_rich60_kl_full_smote,XGBoost (60 s rich features + KL-full relabeling + SMOTE),row_random,Naive stratified row-random 70/30,513,0.988324250377777,0.008233188367198255,0.7682080924855491,0.02176283306013489,0.8642531881931677,0.011264215216469657,346.0,269.0
xgb_rich60_kl_full_smote,XGBoost (60 s rich features + KL-full relabeling + SMOTE),row_random,Naive stratified row-random 70/30,515,0.9987261146496815,0.002848494238853235,0.8681564245810056,0.010890273010959708,0.9288423688014096,0.006145680074410933,179.0,155.6
xgb_rich60_kl_full_smote,XGBoost (60 s rich features + KL-full relabeling + SMOTE),row_random,Naive stratified row-random 70/30,516,1.0,0.0,0.9555555555555555,0.09938079899999065,0.975,0.055901699437494734,9.0,8.6
xgb_rich60_kl_full_smote,XGBoost (60 s rich features + KL-full relabeling + SMOTE),row_random,Naive stratified row-random 70/30,517,0.9848717948717949,0.022434065859304672,1.0,0.0,0.9922743922743923,0.011485856831324451,38.0,38.6
xgb_rich60_kl_full_smote,XGBoost (60 s rich features + KL-full relabeling + SMOTE),row_random,Naive stratified row-random 70/30,518,0.8740206088107392,0.09457139907963773,0.885,0.04541475531146238,0.8778710922119851,0.061065455243962743,40.0,40.8
xgb_rich60_kl_full_smote,XGBoost (60 s rich features + KL-full relabeling + SMOTE),row_random,Naive stratified row-random 70/30,520,0.9866581335339799,0.010275094456241172,0.8252199413489736,0.017910183559651013,0.8986905724848032,0.013577456920677992,341.0,285.2
xgb_rich60_kl_full_smote,XGBoost (60 s rich features + KL-full relabeling + SMOTE),row_random,Naive stratified row-random 70/30,521,0.9,0.22360679774997896,1.0,0.0,0.9333333333333332,0.149071198499986,1.0,1.2
xgb_rich60_kl_full_smote,XGBoost (60 s rich features + KL-full relabeling + SMOTE),row_random,Naive stratified row-random 70/30,522,0.9879502262443438,0.011629106485521967,0.7943775100401607,0.020556600629830862,0.8805863846428382,0.016265499209246373,249.0,200.2
xgb_rich60_kl_full_smote,XGBoost (60 s rich features + KL-full relabeling + SMOTE),row_random,Naive stratified row-random 70/30,523,0.7447973002041148,0.1400489181340826,0.8590840840840841,0.30754511606076146,0.7422679500274435,0.15140643704185558,2664.0,3279.0
xgb_rich60_kl_full_smote,XGBoost (60 s rich features + KL-full relabeling + SMOTE),row_random,Naive stratified row-random 70/30,cafeteria,0.9853771567834567,0.00395238375113745,0.9382536382536382,0.004492160173873565,0.9612339725939686,0.00360947740042858,1924.0,1832.0
xgb_rich60_kl_full_smote,XGBoost (60 s rich features + KL-full relabeling + SMOTE),row_random,Naive stratified row-random 70/30,cleaning,0.9669544702302757,0.01438844411190462,0.8331797235023041,0.016503230027161295,0.8950152909537513,0.012692434625110088,434.0,374.0
xgb_rich60_kl_full_smote,XGBoost (60 s rich features + KL-full relabeling + SMOTE),row_random,Naive stratified row-random 70/30,hallway,0.9757574418080399,0.006034445391579767,0.8661764705882353,0.014969050475100462,0.9176344589003065,0.008099458585131728,408.0,362.2
xgb_rich60_kl_full_smote,XGBoost (60 s rich features + KL-full relabeling + SMOTE),row_random,Naive stratified row-random 70/30,kitchen,0.9913831349472787,0.002637717904230853,0.7996682149966821,0.006097085459600493,0.8852469148593753,0.002764345132939754,3014.0,2431.2
xgb_rich60_kl_full_smote,XGBoost (60 s rich features + KL-full relabeling + SMOTE),row_random,Naive stratified row-random 70/30,nurse station,0.9936034386873522,0.002712793545925897,0.9644623346751006,0.002671011883264772,0.978815240437229,0.00250319222224696,3478.0,3376.0
xgb_rich60_symmetric_smote,XGBoost (60 s rich features + symmetric relabeling + SMOTE),row_random,Naive stratified row-random 70/30,501,0.807831472285214,0.4233780204053221,0.66625,0.18846626024304722,0.6075219521703794,0.28672484461721814,160.0,708.2
xgb_rich60_symmetric_smote,XGBoost (60 s rich features + symmetric relabeling + SMOTE),row_random,Naive stratified row-random 70/30,502,0.9859365859365858,0.014391822905696326,0.5982905982905983,0.03963084827134916,0.7440930853247624,0.03169930093645057,117.0,71.0
xgb_rich60_symmetric_smote,XGBoost (60 s rich features + symmetric relabeling + SMOTE),row_random,Naive stratified row-random 70/30,503,0.9868421052631579,0.016115064097257756,0.992,0.011925695879998857,0.9893861949419975,0.012902880652876465,75.0,75.4
xgb_rich60_symmetric_smote,XGBoost (60 s rich features + symmetric relabeling + SMOTE),row_random,Naive stratified row-random 70/30,505,1.0,0.0,0.9399999999999998,0.0547722557505166,0.9684210526315787,0.028827503026587722,10.0,9.4
xgb_rich60_symmetric_smote,XGBoost (60 s rich features + symmetric relabeling + SMOTE),row_random,Naive stratified row-random 70/30,506,1.0,0.0,1.0,0.0,1.0,0.0,121.0,121.0
xgb_rich60_symmetric_smote,XGBoost (60 s rich features + symmetric relabeling + SMOTE),row_random,Naive stratified row-random 70/30,508,1.0,0.0,0.9917808219178081,0.0183786409109572,0.9958041958041959,0.009382103402096999,73.0,72.4
xgb_rich60_symmetric_smote,XGBoost (60 s rich features + symmetric relabeling + SMOTE),row_random,Naive stratified row-random 70/30,510,0.9959183673469388,0.009126808071427723,0.9916666666666668,0.01863389981249823,0.9936828251809608,0.009479468050996587,48.0,47.8
xgb_rich60_symmetric_smote,XGBoost (60 s rich features + symmetric relabeling + SMOTE),row_random,Naive stratified row-random 70/30,511,0.9908975248669905,0.009875395330842177,0.9701492537313433,0.005276916277511564,0.9804056453311667,0.007199661548777822,134.0,131.2
xgb_rich60_symmetric_smote,XGBoost (60 s rich features + symmetric relabeling + SMOTE),row_random,Naive stratified row-random 70/30,512,0.9757778838756236,0.004425349300107403,0.8795620437956204,0.015047830750429432,0.9250922049994326,0.006648610488835653,274.0,247.0
xgb_rich60_symmetric_smote,XGBoost (60 s rich features + symmetric relabeling + SMOTE),row_random,Naive stratified row-random 70/30,513,0.988324250377777,0.008233188367198255,0.7682080924855491,0.02176283306013489,0.8642531881931677,0.011264215216469657,346.0,269.0
xgb_rich60_symmetric_smote,XGBoost (60 s rich features + symmetric relabeling + SMOTE),row_random,Naive stratified row-random 70/30,515,0.9987261146496815,0.002848494238853235,0.8681564245810056,0.010890273010959708,0.9288423688014096,0.006145680074410933,179.0,155.6
xgb_rich60_symmetric_smote,XGBoost (60 s rich features + symmetric relabeling + SMOTE),row_random,Naive stratified row-random 70/30,516,1.0,0.0,0.9555555555555555,0.09938079899999065,0.975,0.055901699437494734,9.0,8.6
xgb_rich60_symmetric_smote,XGBoost (60 s rich features + symmetric relabeling + SMOTE),row_random,Naive stratified row-random 70/30,517,0.9848717948717949,0.022434065859304672,1.0,0.0,0.9922743922743923,0.011485856831324451,38.0,38.6
xgb_rich60_symmetric_smote,XGBoost (60 s rich features + symmetric relabeling + SMOTE),row_random,Naive stratified row-random 70/30,518,0.8740206088107392,0.09457139907963773,0.885,0.04541475531146238,0.8778710922119851,0.061065455243962743,40.0,40.8
xgb_rich60_symmetric_smote,XGBoost (60 s rich features + symmetric relabeling + SMOTE),row_random,Naive stratified row-random 70/30,520,0.9866581335339799,0.010275094456241172,0.8252199413489736,0.017910183559651013,0.8986905724848032,0.013577456920677992,341.0,285.2
xgb_rich60_symmetric_smote,XGBoost (60 s rich features + symmetric relabeling + SMOTE),row_random,Naive stratified row-random 70/30,521,0.9,0.22360679774997896,1.0,0.0,0.9333333333333332,0.149071198499986,1.0,1.2
xgb_rich60_symmetric_smote,XGBoost (60 s rich features + symmetric relabeling + SMOTE),row_random,Naive stratified row-random 70/30,522,0.9879502262443438,0.011629106485521967,0.7943775100401607,0.020556600629830862,0.8805863846428382,0.016265499209246373,249.0,200.2
xgb_rich60_symmetric_smote,XGBoost (60 s rich features + symmetric relabeling + SMOTE),row_random,Naive stratified row-random 70/30,523,0.7447973002041148,0.1400489181340826,0.8590840840840841,0.30754511606076146,0.7422679500274435,0.15140643704185558,2664.0,3279.0
xgb_rich60_symmetric_smote,XGBoost (60 s rich features + symmetric relabeling + SMOTE),row_random,Naive stratified row-random 70/30,cafeteria,0.9853771567834567,0.00395238375113745,0.9382536382536382,0.004492160173873565,0.9612339725939686,0.00360947740042858,1924.0,1832.0
xgb_rich60_symmetric_smote,XGBoost (60 s rich features + symmetric relabeling + SMOTE),row_random,Naive stratified row-random 70/30,cleaning,0.9669544702302757,0.01438844411190462,0.8331797235023041,0.016503230027161295,0.8950152909537513,0.012692434625110088,434.0,374.0
xgb_rich60_symmetric_smote,XGBoost (60 s rich features + symmetric relabeling + SMOTE),row_random,Naive stratified row-random 70/30,hallway,0.9757574418080399,0.006034445391579767,0.8661764705882353,0.014969050475100462,0.9176344589003065,0.008099458585131728,408.0,362.2
xgb_rich60_symmetric_smote,XGBoost (60 s rich features + symmetric relabeling + SMOTE),row_random,Naive stratified row-random 70/30,kitchen,0.9913831349472787,0.002637717904230853,0.7996682149966821,0.006097085459600493,0.8852469148593753,0.002764345132939754,3014.0,2431.2
xgb_rich60_symmetric_smote,XGBoost (60 s rich features + symmetric relabeling + SMOTE),row_random,Naive stratified row-random 70/30,nurse station,0.9936034386873522,0.002712793545925897,0.9644623346751006,0.002671011883264772,0.978815240437229,0.00250319222224696,3478.0,3376.0
xgb_full60_kl,XGBoost (60 s full-statistics + KL-partial relabeling),row_random,Naive stratified row-random 70/30,501,0.8682361137680287,0.031632385338757674,0.5037499999999999,0.031124748994971817,0.6373792882221153,0.031874812489536206,160.0,92.8
xgb_full60_kl,XGBoost (60 s full-statistics + KL-partial relabeling),row_random,Naive stratified row-random 70/30,502,0.8973513829166004,0.03874452886203205,0.5264957264957266,0.019676691338839935,0.66299237202463,0.012686925750893108,117.0,68.8
xgb_full60_kl,XGBoost (60 s full-statistics + KL-partial relabeling),row_random,Naive stratified row-random 70/30,503,0.884610661466841,0.0370738545625387,0.9146666666666666,0.05781195570314345,0.8974525618706556,0.015814357498550126,75.0,77.8
xgb_full60_kl,XGBoost (60 s full-statistics + KL-partial relabeling),row_random,Naive stratified row-random 70/30,505,0.6967171717171717,0.23757245067443572,0.6199999999999999,0.1095445115010332,0.6497670200456577,0.1582856491387289,10.0,9.4
xgb_full60_kl,XGBoost (60 s full-statistics + KL-partial relabeling),row_random,Naive stratified row-random 70/30,506,0.9317091598443519,0.03263612163932314,0.9553719008264462,0.043574963062691104,0.9427540364698785,0.027220033007754742,121.0,124.2
xgb_full60_kl,XGBoost (60 s full-statistics + KL-partial relabeling),row_random,Naive stratified row-random 70/30,508,0.912390292472597,0.06262331812888078,0.9452054794520548,0.02165943602855054,0.9270264118728535,0.024534869637142392,73.0,76.0
xgb_full60_kl,XGBoost (60 s full-statistics + KL-partial relabeling),row_random,Naive stratified row-random 70/30,510,0.8942263364549561,0.06809231768434197,0.8125,0.11599509089229212,0.8489977438121722,0.08360028019938029,48.0,43.6
xgb_full60_kl,XGBoost (60 s full-statistics + KL-partial relabeling),row_random,Naive stratified row-random 70/30,511,0.9152176884402843,0.04485196479298224,0.853731343283582,0.04967033221580222,0.8832365015378929,0.045564516767091376,134.0,125.0
xgb_full60_kl,XGBoost (60 s full-statistics + KL-partial relabeling),row_random,Naive stratified row-random 70/30,512,0.9331907871402066,0.02097660561085718,0.8153284671532848,0.029378995324814774,0.869784296094631,0.012300875526978611,274.0,239.6
xgb_full60_kl,XGBoost (60 s full-statistics + KL-partial relabeling),row_random,Naive stratified row-random 70/30,513,0.8827705934315448,0.020738126234532743,0.700578034682081,0.041056741866080375,0.7807266217545297,0.02973418967952809,346.0,274.6
xgb_full60_kl,XGBoost (60 s full-statistics + KL-partial relabeling),row_random,Naive stratified row-random 70/30,515,0.9318300231107127,0.03670568980703383,0.7843575418994413,0.032956159114531015,0.8513747136413977,0.02899234840520263,179.0,150.8
xgb_full60_kl,XGBoost (60 s full-statistics + KL-partial relabeling),row_random,Naive stratified row-random 70/30,516,0.6933333333333334,0.18767584347012328,0.5555555555555556,0.31426968052735443,0.5603308971730024,0.2117660918318745,9.0,7.6
xgb_full60_kl,XGBoost (60 s full-statistics + KL-partial relabeling),row_random,Naive stratified row-random 70/30,517,0.9119933253214134,0.06396796477600172,0.8105263157894737,0.1385020775467449,0.8536372517167011,0.09591843691752662,38.0,33.8
xgb_full60_kl,XGBoost (60 s full-statistics + KL-partial relabeling),row_random,Naive stratified row-random 70/30,518,0.8113891310665504,0.13051414770492625,0.6599999999999999,0.15771810295587504,0.7139723187610512,0.10527995235166418,40.0,33.4
xgb_full60_kl,XGBoost (60 s full-statistics + KL-partial relabeling),row_random,Naive stratified row-random 70/30,520,0.9452862728076816,0.013035114630932279,0.7906158357771261,0.01995428250581113,0.8609899796299405,0.01565873768941881,341.0,285.2
xgb_full60_kl,XGBoost (60 s full-statistics + KL-partial relabeling),row_random,Naive stratified row-random 70/30,521,0.0,0.0,0.0,0.0,0.0,0.0,1.0,0.0
xgb_full60_kl,XGBoost (60 s full-statistics + KL-partial relabeling),row_random,Naive stratified row-random 70/30,522,0.9023727738271676,0.054952287995101004,0.7590361445783133,0.02341747748933857,0.8235636897585552,0.023748206201332105,249.0,210.2
xgb_full60_kl,XGBoost (60 s full-statistics + KL-partial relabeling),row_random,Naive stratified row-random 70/30,523,0.6726506524404906,0.0038176931404354927,0.9907657657657658,0.0027404973346012063,0.8012816425835005,0.002492964502070699,2664.0,3924.0
xgb_full60_kl,XGBoost (60 s full-statistics + KL-partial relabeling),row_random,Naive stratified row-random 70/30,cafeteria,0.8985514057077015,0.018357083104607486,0.8403326403326403,0.006996390299569144,0.8683694337871047,0.008576861652081222,1924.0,1800.0
xgb_full60_kl,XGBoost (60 s full-statistics + KL-partial relabeling),row_random,Naive stratified row-random 70/30,cleaning,0.8432531685133057,0.04750153074043618,0.7497695852534563,0.015508127806879103,0.793466675449961,0.027857571169539883,434.0,386.6
xgb_full60_kl,XGBoost (60 s full-statistics + KL-partial relabeling),row_random,Naive stratified row-random 70/30,hallway,0.8731576811590596,0.014555221213887411,0.7495098039215686,0.03258052750923012,0.8061598740051714,0.016991851217914914,408.0,350.4
xgb_full60_kl,XGBoost (60 s full-statistics + KL-partial relabeling),row_random,Naive stratified row-random 70/30,kitchen,0.9246179774538499,0.01020376370405808,0.7594558725945587,0.006264501522395253,0.8339160630427619,0.0064016864717423155,3014.0,2475.8
xgb_full60_kl,XGBoost (60 s full-statistics + KL-partial relabeling),row_random,Naive stratified row-random 70/30,nurse station,0.9618244855090234,0.004241463272675182,0.9257044278320874,0.010283871047940582,0.9433975583637604,0.006264025355330605,3478.0,3347.4
rf_paper60_kl,Random Forest (60 s paper-statistics + KL-partial relabeling),row_random,Naive stratified row-random 70/30,501,0.8847635115393968,0.04775602718825952,0.51,0.01296027584582983,0.6467407761210481,0.019368159169355324,160.0,92.4
rf_paper60_kl,Random Forest (60 s paper-statistics + KL-partial relabeling),row_random,Naive stratified row-random 70/30,502,0.9754426619132502,0.024261832736437748,0.5521367521367522,0.032320804104596645,0.7048967333345879,0.031386853411552056,117.0,66.2
rf_paper60_kl,Random Forest (60 s paper-statistics + KL-partial relabeling),row_random,Naive stratified row-random 70/30,503,0.9067344620878824,0.0671193570222559,0.984,0.014605934866804449,0.9425428326077425,0.03615661849915926,75.0,81.8
rf_paper60_kl,Random Forest (60 s paper-statistics + KL-partial relabeling),row_random,Naive stratified row-random 70/30,505,1.0,0.0,0.72,0.10954451150103325,0.8335913312693499,0.07112746216351483,10.0,7.2
rf_paper60_kl,Random Forest (60 s paper-statistics + KL-partial relabeling),row_random,Naive stratified row-random 70/30,506,0.9646179282809119,0.02290779396580718,0.9702479338842975,0.03125234777056039,0.9669644646054346,0.014199101907850838,121.0,121.8
rf_paper60_kl,Random Forest (60 s paper-statistics + KL-partial relabeling),row_random,Naive stratified row-random 70/30,508,0.9837777777777778,0.023980444708033708,0.9424657534246574,0.029697922450244933,0.9621561649544781,0.011008762937706465,73.0,70.0
rf_paper60_kl,Random Forest (60 s paper-statistics + KL-partial relabeling),row_random,Naive stratified row-random 70/30,510,0.9662310362310362,0.022245996568320603,0.8541666666666666,0.07654655446197434,0.9056907662550762,0.05202271575188059,48.0,42.4
rf_paper60_kl,Random Forest (60 s paper-statistics + KL-partial relabeling),row_random,Naive stratified row-random 70/30,511,0.964383599628236,0.025208001959075275,0.8716417910447761,0.04904978126911933,0.9149008319495604,0.02738803682171251,134.0,121.2
rf_paper60_kl,Random Forest (60 s paper-statistics + KL-partial relabeling),row_random,Naive stratified row-random 70/30,512,0.9160170185563297,0.029360017474846102,0.8094890510948906,0.03133164384136461,0.8589155110378803,0.01908653562885411,274.0,242.4
rf_paper60_kl,Random Forest (60 s paper-statistics + KL-partial relabeling),row_random,Naive stratified row-random 70/30,513,0.8987059111802835,0.020134245293258378,0.7161849710982658,0.02360406588334731,0.7969370295340392,0.018323708594971736,346.0,275.8
rf_paper60_kl,Random Forest (60 s paper-statistics + KL-partial relabeling),row_random,Naive stratified row-random 70/30,515,0.9484775249503494,0.05245493980854719,0.776536312849162,0.024669723090301215,0.8530082616553205,0.02103889681957434,179.0,147.0
rf_paper60_kl,Random Forest (60 s paper-statistics + KL-partial relabeling),row_random,Naive stratified row-random 70/30,516,1.0,0.0,0.8444444444444444,0.28974232912011766,0.8882352941176471,0.21851971318831423,9.0,7.6
rf_paper60_kl,Random Forest (60 s paper-statistics + KL-partial relabeling),row_random,Naive stratified row-random 70/30,517,0.9799019607843137,0.028180945787852567,0.8105263157894737,0.150483983742061,0.8815079098950067,0.0985406896214517,38.0,31.4
rf_paper60_kl,Random Forest (60 s paper-statistics + KL-partial relabeling),row_random,Naive stratified row-random 70/30,518,0.8324566490420148,0.0674379424308231,0.675,0.20841665000666335,0.7344607540568726,0.14700777132083223,40.0,32.2
rf_paper60_kl,Random Forest (60 s paper-statistics + KL-partial relabeling),row_random,Naive stratified row-random 70/30,520,0.9091885612064866,0.023763804289165767,0.8129032258064516,0.010030868842514454,0.8582887322430383,0.015122762922703297,341.0,305.0
rf_paper60_kl,Random Forest (60 s paper-statistics + KL-partial relabeling),row_random,Naive stratified row-random 70/30,521,0.0,0.0,0.0,0.0,0.0,0.0,1.0,0.0
rf_paper60_kl,Random Forest (60 s paper-statistics + KL-partial relabeling),row_random,Naive stratified row-random 70/30,522,0.9515412489308319,0.04588200145285415,0.7606425702811246,0.023691375427715072,0.8445643964135838,0.015399751307113607,249.0,199.6
rf_paper60_kl,Random Forest (60 s paper-statistics + KL-partial relabeling),row_random,Naive stratified row-random 70/30,523,0.6655575362352383,0.004121564487776406,0.9914414414414414,0.004098301520707548,0.7964375653928758,0.0017274319363006843,2664.0,3968.6
rf_paper60_kl,Random Forest (60 s paper-statistics + KL-partial relabeling),row_random,Naive stratified row-random 70/30,cafeteria,0.8441678359438288,0.015660682672785045,0.7181912681912681,0.021311038956261817,0.7760368081140652,0.017954096359375494,1924.0,1636.8
rf_paper60_kl,Random Forest (60 s paper-statistics + KL-partial relabeling),row_random,Naive stratified row-random 70/30,cleaning,0.8121077977350817,0.03012375900410242,0.7147465437788018,0.003004240739724727,0.7601058309957062,0.013233123689099017,434.0,382.4
rf_paper60_kl,Random Forest (60 s paper-statistics + KL-partial relabeling),row_random,Naive stratified row-random 70/30,hallway,0.9334757717204184,0.022669892903278956,0.7019607843137254,0.03407656135576391,0.8010649370813102,0.027542645434955177,408.0,306.8
rf_paper60_kl,Random Forest (60 s paper-statistics + KL-partial relabeling),row_random,Naive stratified row-random 70/30,kitchen,0.8689003359533111,0.008817508024499212,0.7305905773059058,0.002526799305197024,0.793754595987405,0.004774126516005545,3014.0,2534.4
rf_paper60_kl,Random Forest (60 s paper-statistics + KL-partial relabeling),row_random,Naive stratified row-random 70/30,nurse station,0.9226591216114686,0.008943867858495044,0.9188614146060955,0.0074600626718020644,0.9207194942367704,0.005029143250195538,3478.0,3464.0
lgbm_basic60_kl_full_smote,LightGBM (60 s RSSI summary + KL-full relabeling + SMOTE),row_random,Naive stratified row-random 70/30,501,0.9522634620744034,0.01964212724900381,0.5425,0.0173430461568895,0.6909701544329258,0.013077033543500457,160.0,91.2
lgbm_basic60_kl_full_smote,LightGBM (60 s RSSI summary + KL-full relabeling + SMOTE),row_random,Naive stratified row-random 70/30,502,0.9449423095461664,0.0499627496821404,0.5675213675213675,0.03944608806569003,0.7082871235585585,0.03695163781624708,117.0,70.4
lgbm_basic60_kl_full_smote,LightGBM (60 s RSSI summary + KL-full relabeling + SMOTE),row_random,Naive stratified row-random 70/30,503,0.9587865029707136,0.018469627425970754,0.9866666666666667,0.018856180831641273,0.9724075783159597,0.014321059995363032,75.0,77.2
lgbm_basic60_kl_full_smote,LightGBM (60 s RSSI summary + KL-full relabeling + SMOTE),row_random,Naive stratified row-random 70/30,505,0.9595959595959596,0.055784651601955886,0.76,0.15165750888103102,0.8383090078136517,0.07290777371408284,10.0,8.0
lgbm_basic60_kl_full_smote,LightGBM (60 s RSSI summary + KL-full relabeling + SMOTE),row_random,Naive stratified row-random 70/30,506,0.9718983900429039,0.03547879401626114,0.9735537190082646,0.016937108704065437,0.9721752760471658,0.011453256698371597,121.0,121.4
lgbm_basic60_kl_full_smote,LightGBM (60 s RSSI summary + KL-full relabeling + SMOTE),row_random,Naive stratified row-random 70/30,508,0.9972222222222221,0.006211299937499394,0.958904109589041,0.019372788525658855,0.9775805120115001,0.00937646607812629,73.0,70.2
lgbm_basic60_kl_full_smote,LightGBM (60 s RSSI summary + KL-full relabeling + SMOTE),row_random,Naive stratified row-random 70/30,510,0.958822695035461,0.03191081189422644,0.9583333333333334,0.020833333333333315,0.9584568564267812,0.024189039177981767,48.0,48.0
lgbm_basic60_kl_full_smote,LightGBM (60 s RSSI summary + KL-full relabeling + SMOTE),row_random,Naive stratified row-random 70/30,511,0.9664764982981134,0.011097978576414485,0.9432835820895523,0.01873119462389721,0.9546326907387449,0.010587483792820936,134.0,130.8
lgbm_basic60_kl_full_smote,LightGBM (60 s RSSI summary + KL-full relabeling + SMOTE),row_random,Naive stratified row-random 70/30,512,0.9604865033922525,0.02871378312337341,0.8562043795620438,0.02562553238181307,0.9047131921464697,0.002935154013326512,274.0,244.6
lgbm_basic60_kl_full_smote,LightGBM (60 s RSSI summary + KL-full relabeling + SMOTE),row_random,Naive stratified row-random 70/30,513,0.9409364343017923,0.014100285640448148,0.7497109826589595,0.022628415180420105,0.834218045241576,0.011216929683831355,346.0,275.8
lgbm_basic60_kl_full_smote,LightGBM (60 s RSSI summary + KL-full relabeling + SMOTE),row_random,Naive stratified row-random 70/30,515,0.9729813405719661,0.02152395102938753,0.8324022346368716,0.01935252298959638,0.8970292546506663,0.014246027069869311,179.0,153.2
lgbm_basic60_kl_full_smote,LightGBM (60 s RSSI summary + KL-full relabeling + SMOTE),row_random,Naive stratified row-random 70/30,516,0.9355555555555556,0.0982564043085962,0.8444444444444444,0.18592445034090566,0.8761216767408719,0.12300047251747824,9.0,8.2
lgbm_basic60_kl_full_smote,LightGBM (60 s RSSI summary + KL-full relabeling + SMOTE),row_random,Naive stratified row-random 70/30,517,0.9485215442452285,0.03308840507737213,0.9421052631578947,0.07762042738817172,0.9434928229665072,0.040895566602264365,38.0,37.8
lgbm_basic60_kl_full_smote,LightGBM (60 s RSSI summary + KL-full relabeling + SMOTE),row_random,Naive stratified row-random 70/30,518,0.8990854720266486,0.07527790112714801,0.775,0.05863019699779287,0.8312614952614954,0.05726053720484502,40.0,34.6
lgbm_basic60_kl_full_smote,LightGBM (60 s RSSI summary + KL-full relabeling + SMOTE),row_random,Naive stratified row-random 70/30,520,0.9639513076000614,0.01448579852932887,0.8164222873900293,0.022960210124414557,0.8839918554930144,0.017949662956144686,341.0,288.8
lgbm_basic60_kl_full_smote,LightGBM (60 s RSSI summary + KL-full relabeling + SMOTE),row_random,Naive stratified row-random 70/30,521,0.0,0.0,0.0,0.0,0.0,0.0,1.0,0.0
lgbm_basic60_kl_full_smote,LightGBM (60 s RSSI summary + KL-full relabeling + SMOTE),row_random,Naive stratified row-random 70/30,522,0.9769721885048153,0.012050298878072243,0.7767068273092369,0.01896501036645396,0.8652400350295121,0.010938913608664006,249.0,198.0
lgbm_basic60_kl_full_smote,LightGBM (60 s RSSI summary + KL-full relabeling + SMOTE),row_random,Naive stratified row-random 70/30,523,0.6780987403170882,0.0045622432497093275,0.99496996996997,0.0026087913444285426,0.8065204866514988,0.0035167402298944073,2664.0,3909.0
lgbm_basic60_kl_full_smote,LightGBM (60 s RSSI summary + KL-full relabeling + SMOTE),row_random,Naive stratified row-random 70/30,cafeteria,0.9657131581669853,0.009003885110238618,0.9166320166320168,0.006243499738230869,0.9404924354650056,0.0033215129805839396,1924.0,1826.4
lgbm_basic60_kl_full_smote,LightGBM (60 s RSSI summary + KL-full relabeling + SMOTE),row_random,Naive stratified row-random 70/30,cleaning,0.9405391030206903,0.01553992057847553,0.7981566820276498,0.011589655612865716,0.8634118519638591,0.007979688433042254,434.0,368.4
lgbm_basic60_kl_full_smote,LightGBM (60 s RSSI summary + KL-full relabeling + SMOTE),row_random,Naive stratified row-random 70/30,hallway,0.9396510784710387,0.009011019927199196,0.8107843137254902,0.027642886627199378,0.8703440636277051,0.019066516174853287,408.0,352.0
lgbm_basic60_kl_full_smote,LightGBM (60 s RSSI summary + KL-full relabeling + SMOTE),row_random,Naive stratified row-random 70/30,kitchen,0.9775399084386539,0.0037286954897427253,0.791041804910418,0.004605720820871704,0.8744507351839118,0.0034185777347329875,3014.0,2439.0
lgbm_basic60_kl_full_smote,LightGBM (60 s RSSI summary + KL-full relabeling + SMOTE),row_random,Naive stratified row-random 70/30,nurse station,0.9816221275537119,0.0015104136542638408,0.9550891316848764,0.003197829261276439,0.9681708169452257,0.001646088286890567,3478.0,3384.0
rf_basic10_symmetric_smote,Random Forest (10 s RSSI summary + symmetric relabeling + SMOTE),row_random,Naive stratified row-random 70/30,501,0.7529927198541465,0.05856226235008873,0.23374999999999999,0.02884495189803581,0.3559086611756791,0.03555830654546739,160.0,49.8
rf_basic10_symmetric_smote,Random Forest (10 s RSSI summary + symmetric relabeling + SMOTE),row_random,Naive stratified row-random 70/30,502,0.9194541982004065,0.04607783142693035,0.35384615384615387,0.04383207317934388,0.5091881469856216,0.04454902404994836,117.0,45.2
rf_basic10_symmetric_smote,Random Forest (10 s RSSI summary + symmetric relabeling + SMOTE),row_random,Naive stratified row-random 70/30,503,0.8115755662370333,0.04914227434915907,0.472,0.06436009805945157,0.5953271554370314,0.05828257393315199,75.0,43.6
rf_basic10_symmetric_smote,Random Forest (10 s RSSI summary + symmetric relabeling + SMOTE),row_random,Naive stratified row-random 70/30,505,0.9818181818181818,0.0406557814090871,0.9400000000000001,0.08944271909999157,0.9577276524644945,0.04595807595018292,10.0,9.6
rf_basic10_symmetric_smote,Random Forest (10 s RSSI summary + symmetric relabeling + SMOTE),row_random,Naive stratified row-random 70/30,506,0.8082171752655322,0.03864281110457122,0.9735537190082646,0.013579898119962809,0.8828452390718,0.025323970169777176,121.0,146.0
rf_basic10_symmetric_smote,Random Forest (10 s RSSI summary + symmetric relabeling + SMOTE),row_random,Naive stratified row-random 70/30,508,0.861803008070433,0.05631970586742463,0.6,0.02969792245024493,0.7065204257660213,0.026992171504306845,73.0,51.0
rf_basic10_symmetric_smote,Random Forest (10 s RSSI summary + symmetric relabeling + SMOTE),row_random,Naive stratified row-random 70/30,510,0.9423602484472051,0.0713198079728229,0.375,0.06073908223797188,0.5336123018303055,0.06489562957878078,48.0,19.2
rf_basic10_symmetric_smote,Random Forest (10 s RSSI summary + symmetric relabeling + SMOTE),row_random,Naive stratified row-random 70/30,511,0.8673466106895591,0.02754930940668262,0.6417910447761195,0.01750155134262474,0.7375765512126748,0.01836601574866261,134.0,99.2
rf_basic10_symmetric_smote,Random Forest (10 s RSSI summary + symmetric relabeling + SMOTE),row_random,Naive stratified row-random 70/30,512,0.7170144046562048,0.014877561167215616,0.6036496350364964,0.030051370584290384,0.655026877060785,0.017273767560469125,274.0,230.8
rf_basic10_symmetric_smote,Random Forest (10 s RSSI summary + symmetric relabeling + SMOTE),row_random,Naive stratified row-random 70/30,513,0.9111567987276032,0.026135625982561635,0.36936416184971094,0.012329901160521108,0.5254071656117226,0.011484885326356154,346.0,140.4
rf_basic10_symmetric_smote,Random Forest (10 s RSSI summary + symmetric relabeling + SMOTE),row_random,Naive stratified row-random 70/30,515,0.9242778822746377,0.023283645149649507,0.6759776536312849,0.01045155694629593,0.7806688031440506,0.007363188463023021,179.0,131.0
rf_basic10_symmetric_smote,Random Forest (10 s RSSI summary + symmetric relabeling + SMOTE),row_random,Naive stratified row-random 70/30,516,0.9206349206349206,0.07360014678964846,0.7999999999999999,0.14487116456005886,0.8527777777777779,0.10559209893749007,9.0,7.8
rf_basic10_symmetric_smote,Random Forest (10 s RSSI summary + symmetric relabeling + SMOTE),row_random,Naive stratified row-random 70/30,517,0.876926406926407,0.14463585048045513,0.4578947368421053,0.05456958250875717,0.5960499877481009,0.057102083666347656,38.0,20.4
rf_basic10_symmetric_smote,Random Forest (10 s RSSI summary + symmetric relabeling + SMOTE),row_random,Naive stratified row-random 70/30,518,0.42369393569393565,0.027219649040809063,0.275,0.017677669529663684,0.33329710456356637,0.01936144422069131,40.0,26.0
rf_basic10_symmetric_smote,Random Forest (10 s RSSI summary + symmetric relabeling + SMOTE),row_random,Naive stratified row-random 70/30,520,0.9521317507346918,0.017645644887618907,0.5043988269794721,0.0282043754569961,0.6588617201721002,0.021579447788992515,341.0,180.8
rf_basic10_symmetric_smote,Random Forest (10 s RSSI summary + symmetric relabeling + SMOTE),row_random,Naive stratified row-random 70/30,521,0.0,0.0,0.0,0.0,0.0,0.0,1.0,8.0
rf_basic10_symmetric_smote,Random Forest (10 s RSSI summary + symmetric relabeling + SMOTE),row_random,Naive stratified row-random 70/30,522,0.753145970821796,0.020001731990009257,0.5590361445783133,0.01955126336488046,0.641363326431873,0.010708369958639902,249.0,185.0
rf_basic10_symmetric_smote,Random Forest (10 s RSSI summary + symmetric relabeling + SMOTE),row_random,Naive stratified row-random 70/30,523,0.49660744504168647,0.004021846007667653,0.9514264264264265,0.003342738267401391,0.652573794336593,0.002781335103902161,2664.0,5104.2
rf_basic10_symmetric_smote,Random Forest (10 s RSSI summary + symmetric relabeling + SMOTE),row_random,Naive stratified row-random 70/30,cafeteria,0.7866394284798675,0.016688985087986198,0.6224532224532224,0.012098023747154355,0.69495084989755,0.013102187398771304,1924.0,1522.6
rf_basic10_symmetric_smote,Random Forest (10 s RSSI summary + symmetric relabeling + SMOTE),row_random,Naive stratified row-random 70/30,cleaning,0.7475176917197216,0.043466129367951266,0.6082949308755761,0.020801232817128777,0.6706517609945427,0.029714343345612862,434.0,353.6
rf_basic10_symmetric_smote,Random Forest (10 s RSSI summary + symmetric relabeling + SMOTE),row_random,Naive stratified row-random 70/30,hallway,0.8625770977657501,0.026741349349046567,0.7215686274509804,0.01337974908230996,0.785554484911243,0.012209977467606381,408.0,341.6
rf_basic10_symmetric_smote,Random Forest (10 s RSSI summary + symmetric relabeling + SMOTE),row_random,Naive stratified row-random 70/30,kitchen,0.7835194071395855,0.005847685968302954,0.590112806901128,0.01745044034328576,0.6730937557362769,0.01220543808027782,3014.0,2270.0
rf_basic10_symmetric_smote,Random Forest (10 s RSSI summary + symmetric relabeling + SMOTE),row_random,Naive stratified row-random 70/30,nurse station,0.945877654467485,0.009046960889991483,0.8569292696952271,0.010518338940668625,0.8991609429860439,0.006733900415159925,3478.0,3151.2
rf_lagstack10,Random Forest (10 s causal lag-stack features),row_random,Naive stratified row-random 70/30,501,0.5300714488694027,0.03295889888343209,0.17625000000000002,0.024366985862022406,0.263204473526033,0.024088825211949116,160.0,53.6
rf_lagstack10,Random Forest (10 s causal lag-stack features),row_random,Naive stratified row-random 70/30,502,0.9054166666666668,0.057350348734772315,0.252991452991453,0.026756368961535937,0.39464611048540305,0.03168338800591593,117.0,32.8
rf_lagstack10,Random Forest (10 s causal lag-stack features),row_random,Naive stratified row-random 70/30,503,0.7040134607034303,0.07812368578353265,0.4533333333333333,0.06110100926607787,0.5514461157472494,0.06905596095514137,75.0,48.2
rf_lagstack10,Random Forest (10 s causal lag-stack features),row_random,Naive stratified row-random 70/30,505,0.9636363636363636,0.049792959773196935,0.9800000000000001,0.04472135954999579,0.9704260651629072,0.02707463012693015,10.0,10.2
rf_lagstack10,Random Forest (10 s causal lag-stack features),row_random,Naive stratified row-random 70/30,506,0.612626812001033,0.040638094798119306,0.9107438016528926,0.022175880768592972,0.7320435527472642,0.03322841708119014,121.0,180.4
rf_lagstack10,Random Forest (10 s causal lag-stack features),row_random,Naive stratified row-random 70/30,508,0.7081241367640358,0.052018388096607845,0.5150684931506848,0.03946537065996695,0.5945676641366296,0.025464065519294938,73.0,53.4
rf_lagstack10,Random Forest (10 s causal lag-stack features),row_random,Naive stratified row-random 70/30,510,0.7651090877086301,0.0427649581464743,0.36666666666666664,0.0501733107449679,0.4944590435738593,0.050490422677371416,48.0,23.0
rf_lagstack10,Random Forest (10 s causal lag-stack features),row_random,Naive stratified row-random 70/30,511,0.8470820820820821,0.027260558447040874,0.5014925373134328,0.00973015284358607,0.6298224466253155,0.009842398828486714,134.0,79.4
rf_lagstack10,Random Forest (10 s causal lag-stack features),row_random,Naive stratified row-random 70/30,512,0.5480282258669226,0.008878274630795546,0.5868613138686132,0.021653134268892437,0.566478817704714,0.006383822497833964,274.0,293.6
rf_lagstack10,Random Forest (10 s causal lag-stack features),row_random,Naive stratified row-random 70/30,513,0.8348543880362062,0.022107518582065316,0.25953757225433527,0.023515428447176863,0.39522257316659326,0.026149393377274913,346.0,107.8
rf_lagstack10,Random Forest (10 s causal lag-stack features),row_random,Naive stratified row-random 70/30,515,0.7695953920220364,0.029653765638844278,0.6134078212290502,0.02940267568031454,0.6822892892557626,0.02406916404897991,179.0,142.8
rf_lagstack10,Random Forest (10 s causal lag-stack features),row_random,Naive stratified row-random 70/30,516,0.9714285714285715,0.063887656499994,0.7777777777777777,0.1111111111111111,0.8614705882352942,0.08528397505618555,9.0,7.2
rf_lagstack10,Random Forest (10 s causal lag-stack features),row_random,Naive stratified row-random 70/30,517,0.7737912457912458,0.20734041945899023,0.4421052631578948,0.06000923289995463,0.5598846364363605,0.09959878281134615,38.0,22.4
rf_lagstack10,Random Forest (10 s causal lag-stack features),row_random,Naive stratified row-random 70/30,518,0.33384981684981685,0.02752160573474958,0.205,0.027386127875258313,0.25328791306732484,0.025777569651203782,40.0,24.6
rf_lagstack10,Random Forest (10 s causal lag-stack features),row_random,Naive stratified row-random 70/30,520,0.8628446232064017,0.02570935520087529,0.473900293255132,0.03229802909620731,0.6109088008321522,0.02398375092102341,341.0,187.6
rf_lagstack10,Random Forest (10 s causal lag-stack features),row_random,Naive stratified row-random 70/30,521,0.00011988588711050484,0.00010944692417188928,0.6,0.5477225575051662,0.00023972387273452425,0.000218850112578686,1.0,3003.0
rf_lagstack10,Random Forest (10 s causal lag-stack features),row_random,Naive stratified row-random 70/30,522,0.6529917908971691,0.055104782993815465,0.5092369477911647,0.02035950498897443,0.5716444783741098,0.0297852163707495,249.0,195.0
rf_lagstack10,Random Forest (10 s causal lag-stack features),row_random,Naive stratified row-random 70/30,523,0.7226005511654361,0.22459371216711985,0.3843843843843844,0.48352115070196167,0.28712185468719376,0.31050644146768536,2664.0,2096.8
rf_lagstack10,Random Forest (10 s causal lag-stack features),row_random,Naive stratified row-random 70/30,cafeteria,0.6980733404438135,0.01059919205716003,0.4175675675675675,0.012461011936375062,0.5224662730381785,0.0107677334848718,1924.0,1151.0
rf_lagstack10,Random Forest (10 s causal lag-stack features),row_random,Naive stratified row-random 70/30,cleaning,0.5562748963736261,0.013553066773570408,0.471889400921659,0.02786018248883288,0.5102990152004114,0.01915939291160291,434.0,368.2
rf_lagstack10,Random Forest (10 s causal lag-stack features),row_random,Naive stratified row-random 70/30,hallway,0.7079645239863289,0.014642013684376162,0.5647058823529412,0.019189783461826846,0.6282203721552261,0.01698281340663228,408.0,325.4
rf_lagstack10,Random Forest (10 s causal lag-stack features),row_random,Naive stratified row-random 70/30,kitchen,0.7057447420167202,0.007134719667029364,0.5734571997345721,0.005988696333042312,0.6327145000044695,0.002455994652816155,3014.0,2449.4
rf_lagstack10,Random Forest (10 s causal lag-stack features),row_random,Naive stratified row-random 70/30,nurse station,0.8746012983735559,0.01049616905213712,0.8249568717653825,0.008279422953387459,0.8489810003768549,0.0032601909020975486,3478.0,3281.2
tcn10,Causal TCN (10 s RSSI + availability sequence),row_random,Naive stratified row-random 70/30,501,0.5342228592228592,0.06607937063029923,0.18500000000000003,0.04689582870576018,0.27131439048325745,0.05339750003422673,160.0,56.2
tcn10,Causal TCN (10 s RSSI + availability sequence),row_random,Naive stratified row-random 70/30,502,0.7419493383823796,0.10453137990474767,0.28205128205128205,0.03725554652598866,0.4069442776870213,0.04527225867755952,117.0,45.0
tcn10,Causal TCN (10 s RSSI + availability sequence),row_random,Naive stratified row-random 70/30,503,0.7085163718826195,0.05165727014804651,0.43999999999999995,0.08894442709417558,0.5368476731502569,0.06302302149690521,75.0,47.0
tcn10,Causal TCN (10 s RSSI + availability sequence),row_random,Naive stratified row-random 70/30,505,0.7401190476190476,0.19906047036435437,0.82,0.08366600265340758,0.7619552996023584,0.09744396362587206,10.0,11.8
tcn10,Causal TCN (10 s RSSI + availability sequence),row_random,Naive stratified row-random 70/30,506,0.6354982847914207,0.06259400807485871,0.9107438016528926,0.0337732508127315,0.7460048403626558,0.03126946138609014,121.0,175.2
tcn10,Causal TCN (10 s RSSI + availability sequence),row_random,Naive stratified row-random 70/30,508,0.6784898044305183,0.12131263981834774,0.5917808219178081,0.015006097465894963,0.6277665839376863,0.051386103470219026,73.0,65.4
tcn10,Causal TCN (10 s RSSI + availability sequence),row_random,Naive stratified row-random 70/30,510,0.6172988505747127,0.07442317930711785,0.41666666666666663,0.03294039229342061,0.494051948051948,0.01703884225489161,48.0,33.0
tcn10,Causal TCN (10 s RSSI + availability sequence),row_random,Naive stratified row-random 70/30,511,0.5395171824441419,0.031861825392529415,0.6,0.023950457516240635,0.5680141326261147,0.026957509975274595,134.0,149.2
tcn10,Causal TCN (10 s RSSI + availability sequence),row_random,Naive stratified row-random 70/30,512,0.539775505836541,0.04344755923825657,0.5985401459854014,0.02279196349780435,0.5666571521275451,0.026283723145346147,274.0,305.6
tcn10,Causal TCN (10 s RSSI + availability sequence),row_random,Naive stratified row-random 70/30,513,0.7678718538865523,0.06617566383348113,0.2670520231213873,0.028655016318949,0.3952209586444543,0.03386084450611457,346.0,121.0
tcn10,Causal TCN (10 s RSSI + availability sequence),row_random,Naive stratified row-random 70/30,515,0.6877052665260046,0.0775822135956618,0.6156424581005586,0.02141931789126349,0.6468754839391262,0.02340575169030962,179.0,162.4
tcn10,Causal TCN (10 s RSSI + availability sequence),row_random,Naive stratified row-random 70/30,516,0.8055555555555556,0.19245008972987526,0.888888888888889,0.07856742013183861,0.829984126984127,0.10700179426445401,9.0,10.6
tcn10,Causal TCN (10 s RSSI + availability sequence),row_random,Naive stratified row-random 70/30,517,0.8025210084033614,0.14308720689059093,0.43157894736842106,0.06605210735795332,0.5600924499229583,0.08571069770044587,38.0,20.6
tcn10,Causal TCN (10 s RSSI + availability sequence),row_random,Naive stratified row-random 70/30,518,0.32090739018488373,0.08446987473479535,0.305,0.03259601202601323,0.3094726015286161,0.051931689571061666,40.0,39.8
tcn10,Causal TCN (10 s RSSI + availability sequence),row_random,Naive stratified row-random 70/30,520,0.8762066806812872,0.048935899150614755,0.47917888563049854,0.03203065670595459,0.6182907401505655,0.023217655851279488,341.0,187.2
tcn10,Causal TCN (10 s RSSI + availability sequence),row_random,Naive stratified row-random 70/30,521,0.0,0.0,0.0,0.0,0.0,0.0,1.0,0.0
tcn10,Causal TCN (10 s RSSI + availability sequence),row_random,Naive stratified row-random 70/30,522,0.6745949666447354,0.049445590496566584,0.5100401606425703,0.02868043545599538,0.5799713569088871,0.026542648410152223,249.0,189.0
tcn10,Causal TCN (10 s RSSI + availability sequence),row_random,Naive stratified row-random 70/30,523,0.48816077452621753,0.005764100502555297,0.9213963963963965,0.009718525738779932,0.6381834656352545,0.006297296386661067,2664.0,5028.6
tcn10,Causal TCN (10 s RSSI + availability sequence),row_random,Naive stratified row-random 70/30,cafeteria,0.5323584406848949,0.030939750163812188,0.4514553014553015,0.03619382302362642,0.48674296864142264,0.008077741514130658,1924.0,1642.2
tcn10,Causal TCN (10 s RSSI + availability sequence),row_random,Naive stratified row-random 70/30,cleaning,0.47465504251758855,0.061141901344154884,0.5133640552995392,0.04448257983394798,0.49248342329956196,0.04985147602051692,434.0,472.6
tcn10,Causal TCN (10 s RSSI + availability sequence),row_random,Naive stratified row-random 70/30,hallway,0.5331024071060362,0.07141524978893976,0.5808823529411765,0.05813010404721287,0.551842189936893,0.04633929967961082,408.0,453.8
tcn10,Causal TCN (10 s RSSI + availability sequence),row_random,Naive stratified row-random 70/30,kitchen,0.69080907606281,0.0029253403975146907,0.4972793629727937,0.03576389948658633,0.5776431914763913,0.024003625947497817,3014.0,2170.0
tcn10,Causal TCN (10 s RSSI + availability sequence),row_random,Naive stratified row-random 70/30,nurse station,0.9170979106256656,0.023225124256075768,0.7242668200115008,0.038454867158828045,0.8084092410748814,0.016436358986215642,3478.0,2750.8
rf_topology10,Topology-Augmented Random Forest (10 s RSSI summary + floor-plan graph features),row_random,Naive stratified row-random 70/30,501,0.8350911280154228,0.08992235343043521,0.23374999999999999,0.02850438562747845,0.36446892330429115,0.038910160493960774,160.0,45.0
rf_topology10,Topology-Augmented Random Forest (10 s RSSI summary + floor-plan graph features),row_random,Naive stratified row-random 70/30,502,0.9168619173086581,0.048354399051157036,0.36581196581196584,0.028603761590908577,0.5221427035187286,0.02940370103250329,117.0,46.8
rf_topology10,Topology-Augmented Random Forest (10 s RSSI summary + floor-plan graph features),row_random,Naive stratified row-random 70/30,503,0.8084132037310553,0.05668608489926102,0.46399999999999997,0.06066300355241241,0.5885494177089152,0.059547229069674766,75.0,43.0
rf_topology10,Topology-Augmented Random Forest (10 s RSSI summary + floor-plan graph features),row_random,Naive stratified row-random 70/30,505,0.9818181818181818,0.0406557814090871,0.96,0.08944271909999157,0.9682539682539681,0.048923920658483964,10.0,9.8
rf_topology10,Topology-Augmented Random Forest (10 s RSSI summary + floor-plan graph features),row_random,Naive stratified row-random 70/30,506,0.8276990206314775,0.030275818751875842,0.9636363636363635,0.013829091347670667,0.8903058089635154,0.020347908848979378,121.0,141.0
rf_topology10,Topology-Augmented Random Forest (10 s RSSI summary + floor-plan graph features),row_random,Naive stratified row-random 70/30,508,0.8851784274838461,0.0642104914781836,0.6328767123287671,0.01786082850740454,0.7372947703870105,0.027560021074977945,73.0,52.4
rf_topology10,Topology-Augmented Random Forest (10 s RSSI summary + floor-plan graph features),row_random,Naive stratified row-random 70/30,510,0.9621428571428572,0.04134570256001711,0.4208333333333333,0.04750730937913075,0.5844073545096562,0.04868932900301783,48.0,21.0
rf_topology10,Topology-Augmented Random Forest (10 s RSSI summary + floor-plan graph features),row_random,Naive stratified row-random 70/30,511,0.9023402857466672,0.02106522037280757,0.6447761194029851,0.013556643376555934,0.7519479489673889,0.01073436631128327,134.0,95.8
rf_topology10,Topology-Augmented Random Forest (10 s RSSI summary + floor-plan graph features),row_random,Naive stratified row-random 70/30,512,0.7458823010101057,0.015038432268250464,0.5992700729927007,0.026241865711310285,0.6643025832811251,0.017749698099205114,274.0,220.2
rf_topology10,Topology-Augmented Random Forest (10 s RSSI summary + floor-plan graph features),row_random,Naive stratified row-random 70/30,513,0.9173689590778838,0.02906339746452052,0.377456647398844,0.013800388885911348,0.5347631768684148,0.0173316813699343,346.0,142.4
rf_topology10,Topology-Augmented Random Forest (10 s RSSI summary + floor-plan graph features),row_random,Naive stratified row-random 70/30,515,0.9102324970220114,0.02344705064040876,0.6759776536312849,0.012491999874300524,0.7756672909985213,0.01246876282770558,179.0,133.0
rf_topology10,Topology-Augmented Random Forest (10 s RSSI summary + floor-plan graph features),row_random,Naive stratified row-random 70/30,516,1.0,0.0,0.7999999999999999,0.14487116456005886,0.883235294117647,0.0879136293664054,9.0,7.2
rf_topology10,Topology-Augmented Random Forest (10 s RSSI summary + floor-plan graph features),row_random,Naive stratified row-random 70/30,517,1.0,0.0,0.4578947368421053,0.05456958250875717,0.6265667665667666,0.053184158625051395,38.0,17.4
rf_topology10,Topology-Augmented Random Forest (10 s RSSI summary + floor-plan graph features),row_random,Naive stratified row-random 70/30,518,0.6559696342305037,0.19259172154600349,0.255,0.03708099243547831,0.36355292217361185,0.06099709532869165,40.0,16.4
rf_topology10,Topology-Augmented Random Forest (10 s RSSI summary + floor-plan graph features),row_random,Naive stratified row-random 70/30,520,0.9475831162537517,0.02751434055473387,0.5190615835777126,0.02496977473009734,0.6701991710874672,0.01950869569787704,341.0,187.0
rf_topology10,Topology-Augmented Random Forest (10 s RSSI summary + floor-plan graph features),row_random,Naive stratified row-random 70/30,521,0.0001231167732762584,0.00011240638210828717,0.6,0.5477225575051662,0.00024618302513039356,0.00022476662417693615,1.0,2924.4
rf_topology10,Topology-Augmented Random Forest (10 s RSSI summary + floor-plan graph features),row_random,Naive stratified row-random 70/30,522,0.7370219532755802,0.014726412642696524,0.5582329317269077,0.016313330129791102,0.6352267176904823,0.014746572153752238,249.0,188.6
rf_topology10,Topology-Augmented Random Forest (10 s RSSI summary + floor-plan graph features),row_random,Naive stratified row-random 70/30,523,0.7746337210638591,0.2556975830564517,0.42897897897897896,0.48017872175425086,0.34753611421307146,0.2777479683349125,2664.0,2187.8
rf_topology10,Topology-Augmented Random Forest (10 s RSSI summary + floor-plan graph features),row_random,Naive stratified row-random 70/30,cafeteria,0.7621424737849518,0.0059751641221038225,0.6148648648648649,0.01150516820227582,0.6805458252106564,0.005725947697044109,1924.0,1552.4
rf_topology10,Topology-Augmented Random Forest (10 s RSSI summary + floor-plan graph features),row_random,Naive stratified row-random 70/30,cleaning,0.7417937556892558,0.03909770671116563,0.6078341013824884,0.01895852758592093,0.6678716655024921,0.02338875595450613,434.0,356.2
rf_topology10,Topology-Augmented Random Forest (10 s RSSI summary + floor-plan graph features),row_random,Naive stratified row-random 70/30,hallway,0.8750760139738283,0.02332163731817355,0.7019607843137254,0.01144374267640075,0.7789510994909531,0.014767143426451194,408.0,327.4
rf_topology10,Topology-Augmented Random Forest (10 s RSSI summary + floor-plan graph features),row_random,Naive stratified row-random 70/30,kitchen,0.7778348383455016,0.006521092835193241,0.5807564698075647,0.01303834858090698,0.6648801568806179,0.006272174360876456,3014.0,2250.8
rf_topology10,Topology-Augmented Random Forest (10 s RSSI summary + floor-plan graph features),row_random,Naive stratified row-random 70/30,nurse station,0.9379173258766942,0.00817359987787124,0.855031627372053,0.010064076200761503,0.8944970087832166,0.00429782696093049,3478.0,3171.0
ensemble_calibrated,Calibrated Multi-Resolution RF-XGBoost Ensemble (11 s temporal voting),row_random,Naive stratified row-random 70/30,501,0.9775887062663202,0.014920109594749757,0.58375,0.03967642562025972,0.7301984209672053,0.028458510662401442,160.0,95.6
ensemble_calibrated,Calibrated Multi-Resolution RF-XGBoost Ensemble (11 s temporal voting),row_random,Naive stratified row-random 70/30,502,0.9945205479452055,0.01225242727397145,0.576068376068376,0.04704738100691582,0.7285166527766106,0.03705876956276353,117.0,67.8
ensemble_calibrated,Calibrated Multi-Resolution RF-XGBoost Ensemble (11 s temporal voting),row_random,Naive stratified row-random 70/30,503,0.9475325938740573,0.025706924163614083,1.0,0.0,0.9729157786531927,0.013615158739080506,75.0,79.2
ensemble_calibrated,Calibrated Multi-Resolution RF-XGBoost Ensemble (11 s temporal voting),row_random,Naive stratified row-random 70/30,505,1.0,0.0,0.9399999999999998,0.0547722557505166,0.9684210526315787,0.028827503026587722,10.0,9.4
ensemble_calibrated,Calibrated Multi-Resolution RF-XGBoost Ensemble (11 s temporal voting),row_random,Naive stratified row-random 70/30,506,0.9688112280456093,0.03185420551214746,0.9933884297520661,0.010775541165624224,0.9806301946725237,0.014469393098626002,121.0,124.2
ensemble_calibrated,Calibrated Multi-Resolution RF-XGBoost Ensemble (11 s temporal voting),row_random,Naive stratified row-random 70/30,508,0.9810692271218588,0.020524540767849875,0.9863013698630138,0.02372672339135448,0.9835781273861084,0.019244453372214303,73.0,73.4
ensemble_calibrated,Calibrated Multi-Resolution RF-XGBoost Ensemble (11 s temporal voting),row_random,Naive stratified row-random 70/30,510,0.9829545454545455,0.017563671392984273,0.9458333333333334,0.03784562942621863,0.9636556064073227,0.021330932830503246,48.0,46.2
ensemble_calibrated,Calibrated Multi-Resolution RF-XGBoost Ensemble (11 s temporal voting),row_random,Naive stratified row-random 70/30,511,0.9627607399401248,0.02673438596073669,0.9522388059701493,0.013556643376555924,0.9573480602234816,0.017323692790614218,134.0,132.6
ensemble_calibrated,Calibrated Multi-Resolution RF-XGBoost Ensemble (11 s temporal voting),row_random,Naive stratified row-random 70/30,512,0.8281191846520122,0.03154979015281994,0.8686131386861314,0.015047830750429399,0.8477798769716873,0.023043077750829068,274.0,287.6
ensemble_calibrated,Calibrated Multi-Resolution RF-XGBoost Ensemble (11 s temporal voting),row_random,Naive stratified row-random 70/30,513,0.97975362072848,0.006925724084677891,0.7502890173410404,0.026378275627987596,0.8495460509811439,0.016215020016551573,346.0,265.0
ensemble_calibrated,Calibrated Multi-Resolution RF-XGBoost Ensemble (11 s temporal voting),row_random,Naive stratified row-random 70/30,515,0.9910973669273169,0.008494225044858712,0.8592178770949721,0.014990399849160592,0.9203607351294048,0.007509084977631676,179.0,155.2
ensemble_calibrated,Calibrated Multi-Resolution RF-XGBoost Ensemble (11 s temporal voting),row_random,Naive stratified row-random 70/30,516,1.0,0.0,0.9555555555555555,0.09938079899999065,0.975,0.05590169943749474,9.0,8.6
ensemble_calibrated,Calibrated Multi-Resolution RF-XGBoost Ensemble (11 s temporal voting),row_random,Naive stratified row-random 70/30,517,0.99,0.022360679774997918,0.9894736842105264,0.01441375151329383,0.9895384615384616,0.010791186410307808,38.0,38.0
ensemble_calibrated,Calibrated Multi-Resolution RF-XGBoost Ensemble (11 s temporal voting),row_random,Naive stratified row-random 70/30,518,0.8366155368629391,0.10646832703999042,0.8899999999999999,0.05477225575051661,0.8598698241240825,0.06580981301260576,40.0,43.0
ensemble_calibrated,Calibrated Multi-Resolution RF-XGBoost Ensemble (11 s temporal voting),row_random,Naive stratified row-random 70/30,520,0.9730240427561541,0.006420131176702033,0.8211143695014662,0.021449763692562778,0.8904675179477556,0.010985415710341432,341.0,287.8
ensemble_calibrated,Calibrated Multi-Resolution RF-XGBoost Ensemble (11 s temporal voting),row_random,Naive stratified row-random 70/30,521,0.9,0.22360679774997896,1.0,0.0,0.9333333333333332,0.149071198499986,1.0,1.2
ensemble_calibrated,Calibrated Multi-Resolution RF-XGBoost Ensemble (11 s temporal voting),row_random,Naive stratified row-random 70/30,522,0.9708642827990801,0.013749088107686542,0.7734939759036145,0.010850808101290207,0.8609708312874019,0.010049799462758071,249.0,198.4
ensemble_calibrated,Calibrated Multi-Resolution RF-XGBoost Ensemble (11 s temporal voting),row_random,Naive stratified row-random 70/30,523,0.6767886342364818,0.0049306377692535505,0.9781531531531531,0.002394765451612102,0.8000230909695156,0.003611086216764508,2664.0,3850.4
ensemble_calibrated,Calibrated Multi-Resolution RF-XGBoost Ensemble (11 s temporal voting),row_random,Naive stratified row-random 70/30,cafeteria,0.944032321025845,0.011195286698409834,0.8748440748440748,0.002393111108777853,0.9080929172706551,0.005059500844248604,1924.0,1783.2
ensemble_calibrated,Calibrated Multi-Resolution RF-XGBoost Ensemble (11 s temporal voting),row_random,Naive stratified row-random 70/30,cleaning,0.9326829382451676,0.019661416583816912,0.8267281105990785,0.01978080740215182,0.8763735805236402,0.015326659565901818,434.0,384.8
ensemble_calibrated,Calibrated Multi-Resolution RF-XGBoost Ensemble (11 s temporal voting),row_random,Naive stratified row-random 70/30,hallway,0.9638670923205306,0.016825490428615912,0.8568627450980394,0.009587062360592138,0.9071366576258889,0.00893835534239648,408.0,362.8
ensemble_calibrated,Calibrated Multi-Resolution RF-XGBoost Ensemble (11 s temporal voting),row_random,Naive stratified row-random 70/30,kitchen,0.9385797871322822,0.0038333815293196782,0.7763105507631055,0.006813316323898974,0.849743419579805,0.00316277956061979,3014.0,2493.0
ensemble_calibrated,Calibrated Multi-Resolution RF-XGBoost Ensemble (11 s temporal voting),row_random,Naive stratified row-random 70/30,nurse station,0.9795796191793352,0.00372407483848778,0.9434157561817136,0.0064880564497151625,0.9611513438900735,0.004605991534450369,3478.0,3349.6
ensemble_room510,Calibrated Multi-Resolution RF-XGBoost Ensemble + class-510 probability recovery,row_random,Naive stratified row-random 70/30,501,0.9775887062663202,0.014920109594749757,0.58375,0.03967642562025972,0.7301984209672053,0.028458510662401442,160.0,95.6
ensemble_room510,Calibrated Multi-Resolution RF-XGBoost Ensemble + class-510 probability recovery,row_random,Naive stratified row-random 70/30,502,0.9945205479452055,0.01225242727397145,0.576068376068376,0.04704738100691582,0.7285166527766106,0.03705876956276353,117.0,67.8
ensemble_room510,Calibrated Multi-Resolution RF-XGBoost Ensemble + class-510 probability recovery,row_random,Naive stratified row-random 70/30,503,0.9475325938740573,0.025706924163614083,1.0,0.0,0.9729157786531927,0.013615158739080506,75.0,79.2
ensemble_room510,Calibrated Multi-Resolution RF-XGBoost Ensemble + class-510 probability recovery,row_random,Naive stratified row-random 70/30,505,1.0,0.0,0.9399999999999998,0.0547722557505166,0.9684210526315787,0.028827503026587722,10.0,9.4
ensemble_room510,Calibrated Multi-Resolution RF-XGBoost Ensemble + class-510 probability recovery,row_random,Naive stratified row-random 70/30,506,0.9688112280456093,0.03185420551214746,0.9933884297520661,0.010775541165624224,0.9806301946725237,0.014469393098626002,121.0,124.2
ensemble_room510,Calibrated Multi-Resolution RF-XGBoost Ensemble + class-510 probability recovery,row_random,Naive stratified row-random 70/30,508,0.9810692271218588,0.020524540767849875,0.9863013698630138,0.02372672339135448,0.9835781273861084,0.019244453372214303,73.0,73.4
ensemble_room510,Calibrated Multi-Resolution RF-XGBoost Ensemble + class-510 probability recovery,row_random,Naive stratified row-random 70/30,510,0.9711067193675887,0.02244443354800934,0.9583333333333334,0.041666666666666644,0.9640957223241797,0.02128241892254809,48.0,47.4
ensemble_room510,Calibrated Multi-Resolution RF-XGBoost Ensemble + class-510 probability recovery,row_random,Naive stratified row-random 70/30,511,0.9668935755998833,0.02530367604296708,0.9477611940298509,0.01827977419987446,0.9571052480089447,0.018309325008246193,134.0,131.4
ensemble_room510,Calibrated Multi-Resolution RF-XGBoost Ensemble + class-510 probability recovery,row_random,Naive stratified row-random 70/30,512,0.8281191846520122,0.03154979015281994,0.8686131386861314,0.015047830750429399,0.8477798769716873,0.023043077750829068,274.0,287.6
ensemble_room510,Calibrated Multi-Resolution RF-XGBoost Ensemble + class-510 probability recovery,row_random,Naive stratified row-random 70/30,513,0.97975362072848,0.006925724084677891,0.7502890173410404,0.026378275627987596,0.8495460509811439,0.016215020016551573,346.0,265.0
ensemble_room510,Calibrated Multi-Resolution RF-XGBoost Ensemble + class-510 probability recovery,row_random,Naive stratified row-random 70/30,515,0.9910973669273169,0.008494225044858712,0.8592178770949721,0.014990399849160592,0.9203607351294048,0.007509084977631676,179.0,155.2
ensemble_room510,Calibrated Multi-Resolution RF-XGBoost Ensemble + class-510 probability recovery,row_random,Naive stratified row-random 70/30,516,1.0,0.0,0.9555555555555555,0.09938079899999065,0.975,0.05590169943749474,9.0,8.6
ensemble_room510,Calibrated Multi-Resolution RF-XGBoost Ensemble + class-510 probability recovery,row_random,Naive stratified row-random 70/30,517,0.99,0.022360679774997918,0.9894736842105264,0.01441375151329383,0.9895384615384616,0.010791186410307808,38.0,38.0
ensemble_room510,Calibrated Multi-Resolution RF-XGBoost Ensemble + class-510 probability recovery,row_random,Naive stratified row-random 70/30,518,0.8366155368629391,0.10646832703999042,0.8899999999999999,0.05477225575051661,0.8598698241240825,0.06580981301260576,40.0,43.0
ensemble_room510,Calibrated Multi-Resolution RF-XGBoost Ensemble + class-510 probability recovery,row_random,Naive stratified row-random 70/30,520,0.9730240427561541,0.006420131176702033,0.8211143695014662,0.021449763692562778,0.8904675179477556,0.010985415710341432,341.0,287.8
ensemble_room510,Calibrated Multi-Resolution RF-XGBoost Ensemble + class-510 probability recovery,row_random,Naive stratified row-random 70/30,521,0.9,0.22360679774997896,1.0,0.0,0.9333333333333332,0.149071198499986,1.0,1.2
ensemble_room510,Calibrated Multi-Resolution RF-XGBoost Ensemble + class-510 probability recovery,row_random,Naive stratified row-random 70/30,522,0.9708642827990801,0.013749088107686542,0.7734939759036145,0.010850808101290207,0.8609708312874019,0.010049799462758071,249.0,198.4
ensemble_room510,Calibrated Multi-Resolution RF-XGBoost Ensemble + class-510 probability recovery,row_random,Naive stratified row-random 70/30,523,0.6767886342364818,0.0049306377692535505,0.9781531531531531,0.002394765451612102,0.8000230909695156,0.003611086216764508,2664.0,3850.4
ensemble_room510,Calibrated Multi-Resolution RF-XGBoost Ensemble + class-510 probability recovery,row_random,Naive stratified row-random 70/30,cafeteria,0.944032321025845,0.011195286698409834,0.8748440748440748,0.002393111108777853,0.9080929172706551,0.005059500844248604,1924.0,1783.2
ensemble_room510,Calibrated Multi-Resolution RF-XGBoost Ensemble + class-510 probability recovery,row_random,Naive stratified row-random 70/30,cleaning,0.9326829382451676,0.019661416583816912,0.8267281105990785,0.01978080740215182,0.8763735805236402,0.015326659565901818,434.0,384.8
ensemble_room510,Calibrated Multi-Resolution RF-XGBoost Ensemble + class-510 probability recovery,row_random,Naive stratified row-random 70/30,hallway,0.9638670923205306,0.016825490428615912,0.8568627450980394,0.009587062360592138,0.9071366576258889,0.00893835534239648,408.0,362.8
ensemble_room510,Calibrated Multi-Resolution RF-XGBoost Ensemble + class-510 probability recovery,row_random,Naive stratified row-random 70/30,kitchen,0.9385797871322822,0.0038333815293196782,0.7763105507631055,0.006813316323898974,0.849743419579805,0.00316277956061979,3014.0,2493.0
ensemble_room510,Calibrated Multi-Resolution RF-XGBoost Ensemble + class-510 probability recovery,row_random,Naive stratified row-random 70/30,nurse station,0.9795796191793352,0.00372407483848778,0.9434157561817136,0.0064880564497151625,0.9611513438900735,0.004605991534450369,3478.0,3349.6
ensemble_class_aware,Calibrated Multi-Resolution RF-XGBoost Ensemble + class-510 recovery + class-518-weighted temporal voting,row_random,Naive stratified row-random 70/30,501,0.9775887062663202,0.014920109594749757,0.58375,0.03967642562025972,0.7301984209672053,0.028458510662401442,160.0,95.6
ensemble_class_aware,Calibrated Multi-Resolution RF-XGBoost Ensemble + class-510 recovery + class-518-weighted temporal voting,row_random,Naive stratified row-random 70/30,502,0.9945205479452055,0.01225242727397145,0.576068376068376,0.04704738100691582,0.7285166527766106,0.03705876956276353,117.0,67.8
ensemble_class_aware,Calibrated Multi-Resolution RF-XGBoost Ensemble + class-510 recovery + class-518-weighted temporal voting,row_random,Naive stratified row-random 70/30,503,0.9475325938740573,0.025706924163614083,1.0,0.0,0.9729157786531927,0.013615158739080506,75.0,79.2
ensemble_class_aware,Calibrated Multi-Resolution RF-XGBoost Ensemble + class-510 recovery + class-518-weighted temporal voting,row_random,Naive stratified row-random 70/30,505,1.0,0.0,0.9399999999999998,0.0547722557505166,0.9684210526315787,0.028827503026587722,10.0,9.4
ensemble_class_aware,Calibrated Multi-Resolution RF-XGBoost Ensemble + class-510 recovery + class-518-weighted temporal voting,row_random,Naive stratified row-random 70/30,506,0.9688112280456093,0.03185420551214746,0.9933884297520661,0.010775541165624224,0.9806301946725237,0.014469393098626002,121.0,124.2
ensemble_class_aware,Calibrated Multi-Resolution RF-XGBoost Ensemble + class-510 recovery + class-518-weighted temporal voting,row_random,Naive stratified row-random 70/30,508,0.9810692271218588,0.020524540767849875,0.9863013698630138,0.02372672339135448,0.9835781273861084,0.019244453372214303,73.0,73.4
ensemble_class_aware,Calibrated Multi-Resolution RF-XGBoost Ensemble + class-510 recovery + class-518-weighted temporal voting,row_random,Naive stratified row-random 70/30,510,0.9711067193675887,0.02244443354800934,0.9583333333333334,0.041666666666666644,0.9640957223241797,0.02128241892254809,48.0,47.4
ensemble_class_aware,Calibrated Multi-Resolution RF-XGBoost Ensemble + class-510 recovery + class-518-weighted temporal voting,row_random,Naive stratified row-random 70/30,511,0.9668935755998833,0.02530367604296708,0.9477611940298509,0.01827977419987446,0.9571052480089447,0.018309325008246193,134.0,131.4
ensemble_class_aware,Calibrated Multi-Resolution RF-XGBoost Ensemble + class-510 recovery + class-518-weighted temporal voting,row_random,Naive stratified row-random 70/30,512,0.8281191846520122,0.03154979015281994,0.8686131386861314,0.015047830750429399,0.8477798769716873,0.023043077750829068,274.0,287.6
ensemble_class_aware,Calibrated Multi-Resolution RF-XGBoost Ensemble + class-510 recovery + class-518-weighted temporal voting,row_random,Naive stratified row-random 70/30,513,0.97975362072848,0.006925724084677891,0.7502890173410404,0.026378275627987596,0.8495460509811439,0.016215020016551573,346.0,265.0
ensemble_class_aware,Calibrated Multi-Resolution RF-XGBoost Ensemble + class-510 recovery + class-518-weighted temporal voting,row_random,Naive stratified row-random 70/30,515,0.9910973669273169,0.008494225044858712,0.8592178770949721,0.014990399849160592,0.9203607351294048,0.007509084977631676,179.0,155.2
ensemble_class_aware,Calibrated Multi-Resolution RF-XGBoost Ensemble + class-510 recovery + class-518-weighted temporal voting,row_random,Naive stratified row-random 70/30,516,1.0,0.0,0.9555555555555555,0.09938079899999065,0.975,0.05590169943749474,9.0,8.6
ensemble_class_aware,Calibrated Multi-Resolution RF-XGBoost Ensemble + class-510 recovery + class-518-weighted temporal voting,row_random,Naive stratified row-random 70/30,517,0.99,0.022360679774997918,0.9894736842105264,0.01441375151329383,0.9895384615384616,0.010791186410307808,38.0,38.0
ensemble_class_aware,Calibrated Multi-Resolution RF-XGBoost Ensemble + class-510 recovery + class-518-weighted temporal voting,row_random,Naive stratified row-random 70/30,518,0.8366155368629391,0.10646832703999042,0.8899999999999999,0.05477225575051661,0.8598698241240825,0.06580981301260576,40.0,43.0
ensemble_class_aware,Calibrated Multi-Resolution RF-XGBoost Ensemble + class-510 recovery + class-518-weighted temporal voting,row_random,Naive stratified row-random 70/30,520,0.9730240427561541,0.006420131176702033,0.8211143695014662,0.021449763692562778,0.8904675179477556,0.010985415710341432,341.0,287.8
ensemble_class_aware,Calibrated Multi-Resolution RF-XGBoost Ensemble + class-510 recovery + class-518-weighted temporal voting,row_random,Naive stratified row-random 70/30,521,0.9,0.22360679774997896,1.0,0.0,0.9333333333333332,0.149071198499986,1.0,1.2
ensemble_class_aware,Calibrated Multi-Resolution RF-XGBoost Ensemble + class-510 recovery + class-518-weighted temporal voting,row_random,Naive stratified row-random 70/30,522,0.9708642827990801,0.013749088107686542,0.7734939759036145,0.010850808101290207,0.8609708312874019,0.010049799462758071,249.0,198.4
ensemble_class_aware,Calibrated Multi-Resolution RF-XGBoost Ensemble + class-510 recovery + class-518-weighted temporal voting,row_random,Naive stratified row-random 70/30,523,0.6767886342364818,0.0049306377692535505,0.9781531531531531,0.002394765451612102,0.8000230909695156,0.003611086216764508,2664.0,3850.4
ensemble_class_aware,Calibrated Multi-Resolution RF-XGBoost Ensemble + class-510 recovery + class-518-weighted temporal voting,row_random,Naive stratified row-random 70/30,cafeteria,0.944032321025845,0.011195286698409834,0.8748440748440748,0.002393111108777853,0.9080929172706551,0.005059500844248604,1924.0,1783.2
ensemble_class_aware,Calibrated Multi-Resolution RF-XGBoost Ensemble + class-510 recovery + class-518-weighted temporal voting,row_random,Naive stratified row-random 70/30,cleaning,0.9326829382451676,0.019661416583816912,0.8267281105990785,0.01978080740215182,0.8763735805236402,0.015326659565901818,434.0,384.8
ensemble_class_aware,Calibrated Multi-Resolution RF-XGBoost Ensemble + class-510 recovery + class-518-weighted temporal voting,row_random,Naive stratified row-random 70/30,hallway,0.9638670923205306,0.016825490428615912,0.8568627450980394,0.009587062360592138,0.9071366576258889,0.00893835534239648,408.0,362.8
ensemble_class_aware,Calibrated Multi-Resolution RF-XGBoost Ensemble + class-510 recovery + class-518-weighted temporal voting,row_random,Naive stratified row-random 70/30,kitchen,0.9385797871322822,0.0038333815293196782,0.7763105507631055,0.006813316323898974,0.849743419579805,0.00316277956061979,3014.0,2493.0
ensemble_class_aware,Calibrated Multi-Resolution RF-XGBoost Ensemble + class-510 recovery + class-518-weighted temporal voting,row_random,Naive stratified row-random 70/30,nurse station,0.9795796191793352,0.00372407483848778,0.9434157561817136,0.0064880564497151625,0.9611513438900735,0.004605991534450369,3478.0,3349.6
rf_basic10,Random Forest (10 s RSSI summary features),block45_random,45 s block-group random 70/30 + 59 s purge,501,0.2533199287804551,0.352397780015733,0.20444444444444448,0.3397166575359639,0.08066284650484003,0.07792289698713029,135.0,909.8
rf_basic10,Random Forest (10 s RSSI summary features),block45_random,45 s block-group random 70/30 + 59 s purge,502,0.13799463327370304,0.1361853485515565,0.08222222222222222,0.0760116950066092,0.10238620577956907,0.09760448428981473,90.0,51.0
rf_basic10,Random Forest (10 s RSSI summary features),block45_random,45 s block-group random 70/30 + 59 s purge,503,0.39592023777817065,0.2085685668280013,0.1777777777777778,0.09395296958493203,0.23641523940763523,0.10824469779277066,90.0,45.2
rf_basic10,Random Forest (10 s RSSI summary features),block45_random,45 s block-group random 70/30 + 59 s purge,505,0.0,0.0,0.0,0.0,0.0,0.0,0.0,0.0
rf_basic10,Random Forest (10 s RSSI summary features),block45_random,45 s block-group random 70/30 + 59 s purge,506,0.7589077079902767,0.2246296651927997,0.5311111111111111,0.18879082421728544,0.5795481689062859,0.07995509888039576,90.0,71.6
rf_basic10,Random Forest (10 s RSSI summary features),block45_random,45 s block-group random 70/30 + 59 s purge,508,0.15649350649350652,0.3132098953138557,0.12444444444444444,0.24272119859401153,0.1384831460674157,0.2735333489600654,45.0,17.0
rf_basic10,Random Forest (10 s RSSI summary features),block45_random,45 s block-group random 70/30 + 59 s purge,510,0.03636363636363636,0.08131156281817417,0.008888888888888889,0.01987615979999813,0.014285714285714285,0.031943828249996996,45.0,4.2
rf_basic10,Random Forest (10 s RSSI summary features),block45_random,45 s block-group random 70/30 + 59 s purge,511,0.6000918655676654,0.23751893618660894,0.5177777777777778,0.12658866994334322,0.5415320797813646,0.15001984209666955,90.0,84.4
rf_basic10,Random Forest (10 s RSSI summary features),block45_random,45 s block-group random 70/30 + 59 s purge,512,0.6557995497021444,0.08987083499346839,0.502962962962963,0.08978712822594187,0.5665610030634693,0.08269757828361443,270.0,208.2
rf_basic10,Random Forest (10 s RSSI summary features),block45_random,45 s block-group random 70/30 + 59 s purge,513,0.49786897111122225,0.24327429503385295,0.1561904761904762,0.11197847397788886,0.22500520353132986,0.15650956322543252,315.0,104.6
rf_basic10,Random Forest (10 s RSSI summary features),block45_random,45 s block-group random 70/30 + 59 s purge,515,0.7412724222029584,0.18113075435009282,0.35,0.11895896169646587,0.4551619949057361,0.09226542649011102,180.0,91.6
rf_basic10,Random Forest (10 s RSSI summary features),block45_random,45 s block-group random 70/30 + 59 s purge,516,0.0,0.0,0.0,0.0,0.0,0.0,0.0,0.0
rf_basic10,Random Forest (10 s RSSI summary features),block45_random,45 s block-group random 70/30 + 59 s purge,517,0.0,0.0,0.0,0.0,0.0,0.0,45.0,0.0
rf_basic10,Random Forest (10 s RSSI summary features),block45_random,45 s block-group random 70/30 + 59 s purge,518,0.0,0.0,0.0,0.0,0.0,0.0,0.0,2.4
rf_basic10,Random Forest (10 s RSSI summary features),block45_random,45 s block-group random 70/30 + 59 s purge,520,0.6922236671308752,0.2071959821600368,0.45206349206349206,0.08197609788738747,0.5280591583219845,0.05227868313589191,315.0,226.4
rf_basic10,Random Forest (10 s RSSI summary features),block45_random,45 s block-group random 70/30 + 59 s purge,521,0.0,0.0,0.0,0.0,0.0,0.0,0.0,0.0
rf_basic10,Random Forest (10 s RSSI summary features),block45_random,45 s block-group random 70/30 + 59 s purge,522,0.6487576638916467,0.20370399318365956,0.4213333333333333,0.0913222485839007,0.503635938776468,0.10365035998882226,225.0,152.2
rf_basic10,Random Forest (10 s RSSI summary features),block45_random,45 s block-group random 70/30 + 59 s purge,523,0.5609227670551638,0.14165588029628962,0.7758284600389864,0.38952968160547874,0.5516088710936352,0.22733254467517147,2565.0,3967.2
rf_basic10,Random Forest (10 s RSSI summary features),block45_random,45 s block-group random 70/30 + 59 s purge,cafeteria,0.53200330211426,0.04372384826760474,0.2881944444444444,0.08220151531675295,0.36998840039145964,0.07629057708408925,1440.0,774.0
rf_basic10,Random Forest (10 s RSSI summary features),block45_random,45 s block-group random 70/30 + 59 s purge,cleaning,0.4875681150674689,0.039808595549502314,0.23492063492063492,0.07701275854417906,0.3089938885613001,0.07397542676539037,315.0,154.0
rf_basic10,Random Forest (10 s RSSI summary features),block45_random,45 s block-group random 70/30 + 59 s purge,hallway,0.49759053691384525,0.17688132973768006,0.21777777777777776,0.14028729116166025,0.28623035267601565,0.15899540205094745,315.0,141.8
rf_basic10,Random Forest (10 s RSSI summary features),block45_random,45 s block-group random 70/30 + 59 s purge,kitchen,0.6968813121019198,0.017639893828770216,0.5475706214689267,0.017572549008867056,0.6131567241738454,0.015461907492800906,2655.0,2086.6
rf_basic10,Random Forest (10 s RSSI summary features),block45_random,45 s block-group random 70/30 + 59 s purge,nurse station,0.8216646291205407,0.03875349029481391,0.8555555555555555,0.01974759564743262,0.8376978097335843,0.0200197452596658,3060.0,3192.8
xgb_rich60_kl_full_smote,XGBoost (60 s rich features + KL-full relabeling + SMOTE),block45_random,45 s block-group random 70/30 + 59 s purge,501,0.013333333333333332,0.029814239699997195,0.0029629629629629632,0.006625386599999378,0.0048484848484848485,0.010841541709089889,135.0,39.4
xgb_rich60_kl_full_smote,XGBoost (60 s rich features + KL-full relabeling + SMOTE),block45_random,45 s block-group random 70/30 + 59 s purge,502,0.07318510205513082,0.15952309277952334,0.04666666666666667,0.09242948596926855,0.05537526540312056,0.11769318737993739,90.0,104.6
xgb_rich60_kl_full_smote,XGBoost (60 s rich features + KL-full relabeling + SMOTE),block45_random,45 s block-group random 70/30 + 59 s purge,503,0.306515047879617,0.39227560451932675,0.12666666666666665,0.14220486005134358,0.1780279089771866,0.20794447663603563,90.0,42.2
xgb_rich60_kl_full_smote,XGBoost (60 s rich features + KL-full relabeling + SMOTE),block45_random,45 s block-group random 70/30 + 59 s purge,505,0.0,0.0,0.0,0.0,0.0,0.0,0.0,56.6
xgb_rich60_kl_full_smote,XGBoost (60 s rich features + KL-full relabeling + SMOTE),block45_random,45 s block-group random 70/30 + 59 s purge,506,0.16284377233793634,0.22111465818926704,0.18888888888888888,0.2398559238324767,0.16867903054758024,0.22034306708794174,90.0,62.8
xgb_rich60_kl_full_smote,XGBoost (60 s rich features + KL-full relabeling + SMOTE),block45_random,45 s block-group random 70/30 + 59 s purge,508,0.2179143897996357,0.22284564695102754,0.2977777777777778,0.33540099457290495,0.24929034216492596,0.2667472797757414,45.0,46.4
xgb_rich60_kl_full_smote,XGBoost (60 s rich features + KL-full relabeling + SMOTE),block45_random,45 s block-group random 70/30 + 59 s purge,510,0.19037531276063385,0.3229159064115675,0.3822222222222222,0.5243220196090506,0.23244106463878325,0.3603332626091427,45.0,84.2
xgb_rich60_kl_full_smote,XGBoost (60 s rich features + KL-full relabeling + SMOTE),block45_random,45 s block-group random 70/30 + 59 s purge,511,0.30285348566194126,0.24463124170758158,0.20222222222222222,0.16450449354063776,0.24108940073730806,0.1934142063808162,90.0,58.4
xgb_rich60_kl_full_smote,XGBoost (60 s rich features + KL-full relabeling + SMOTE),block45_random,45 s block-group random 70/30 + 59 s purge,512,0.618706392166473,0.058197691272738716,0.5851851851851851,0.1273072388318312,0.5969525737626169,0.08471881904014142,270.0,255.4
xgb_rich60_kl_full_smote,XGBoost (60 s rich features + KL-full relabeling + SMOTE),block45_random,45 s block-group random 70/30 + 59 s purge,513,0.5707174108787285,0.13405823070928452,0.4298412698412698,0.28661761959786347,0.44188365576153493,0.19998388897011887,315.0,248.2
xgb_rich60_kl_full_smote,XGBoost (60 s rich features + KL-full relabeling + SMOTE),block45_random,45 s block-group random 70/30 + 59 s purge,515,0.4352803738317757,0.4034448705339259,0.2011111111111111,0.24057544182621082,0.26077064972330394,0.29712556592207856,180.0,50.6
xgb_rich60_kl_full_smote,XGBoost (60 s rich features + KL-full relabeling + SMOTE),block45_random,45 s block-group random 70/30 + 59 s purge,516,0.0,0.0,0.0,0.0,0.0,0.0,0.0,8.2
xgb_rich60_kl_full_smote,XGBoost (60 s rich features + KL-full relabeling + SMOTE),block45_random,45 s block-group random 70/30 + 59 s purge,517,0.4538133640552996,0.41779003719416785,0.3288888888888889,0.3024182370880711,0.3811278195488722,0.3503150661889377,45.0,19.6
xgb_rich60_kl_full_smote,XGBoost (60 s rich features + KL-full relabeling + SMOTE),block45_random,45 s block-group random 70/30 + 59 s purge,518,0.0,0.0,0.0,0.0,0.0,0.0,0.0,12.0
xgb_rich60_kl_full_smote,XGBoost (60 s rich features + KL-full relabeling + SMOTE),block45_random,45 s block-group random 70/30 + 59 s purge,520,0.7131430074820021,0.1618505441220395,0.5015873015873015,0.08375178386205026,0.5826670571791749,0.10104436148714828,315.0,230.0
xgb_rich60_kl_full_smote,XGBoost (60 s rich features + KL-full relabeling + SMOTE),block45_random,45 s block-group random 70/30 + 59 s purge,521,0.0,0.0,0.0,0.0,0.0,0.0,0.0,25.6
xgb_rich60_kl_full_smote,XGBoost (60 s rich features + KL-full relabeling + SMOTE),block45_random,45 s block-group random 70/30 + 59 s purge,522,0.5422391741695651,0.2517915533900552,0.3057777777777778,0.13106967330110827,0.3843423278740804,0.16632169447740458,225.0,132.8
xgb_rich60_kl_full_smote,XGBoost (60 s rich features + KL-full relabeling + SMOTE),block45_random,45 s block-group random 70/30 + 59 s purge,523,0.63885952570168,0.02550368930128685,0.9124366471734893,0.033353960080674684,0.7513172081640891,0.02534344631870125,2565.0,3665.8
xgb_rich60_kl_full_smote,XGBoost (60 s rich features + KL-full relabeling + SMOTE),block45_random,45 s block-group random 70/30 + 59 s purge,cafeteria,0.47437146642874345,0.09725776031744532,0.35250000000000004,0.10512017300026165,0.3986535062299527,0.08711728456817716,1440.0,1081.2
xgb_rich60_kl_full_smote,XGBoost (60 s rich features + KL-full relabeling + SMOTE),block45_random,45 s block-group random 70/30 + 59 s purge,cleaning,0.374171008586022,0.13803086153962496,0.2584126984126984,0.12859298271220662,0.29848776085597517,0.13420127772252027,315.0,208.4
xgb_rich60_kl_full_smote,XGBoost (60 s rich features + KL-full relabeling + SMOTE),block45_random,45 s block-group random 70/30 + 59 s purge,hallway,0.31662830394574715,0.17876739116901347,0.2634920634920635,0.16328388657184933,0.27825566366527804,0.16743838400783062,315.0,262.8
xgb_rich60_kl_full_smote,XGBoost (60 s rich features + KL-full relabeling + SMOTE),block45_random,45 s block-group random 70/30 + 59 s purge,kitchen,0.7382173458929191,0.05131901465475026,0.6136346516007534,0.05209013675547462,0.668396888393934,0.036371687081240944,2655.0,2217.0
xgb_rich60_kl_full_smote,XGBoost (60 s rich features + KL-full relabeling + SMOTE),block45_random,45 s block-group random 70/30 + 59 s purge,nurse station,0.7711348746068388,0.05261933106992047,0.8474509803921568,0.030011496223811756,0.806793649828235,0.03469903450722322,3060.0,3372.8
xgb_rich60_symmetric_smote,XGBoost (60 s rich features + symmetric relabeling + SMOTE),block45_random,45 s block-group random 70/30 + 59 s purge,501,0.04398826979472141,0.06172306504354601,0.013333333333333332,0.018444295700724048,0.020164870006341155,0.027656447600049937,135.0,69.4
xgb_rich60_symmetric_smote,XGBoost (60 s rich features + symmetric relabeling + SMOTE),block45_random,45 s block-group random 70/30 + 59 s purge,502,0.049702044412378854,0.09770914077881981,0.21777777777777776,0.37056846554222744,0.05540827147401909,0.09890927386557094,90.0,677.2
xgb_rich60_symmetric_smote,XGBoost (60 s rich features + symmetric relabeling + SMOTE),block45_random,45 s block-group random 70/30 + 59 s purge,503,0.31709699774215905,0.37308903011595596,0.13333333333333336,0.12472191289246472,0.18479870118708877,0.18806745376900366,90.0,42.2
xgb_rich60_symmetric_smote,XGBoost (60 s rich features + symmetric relabeling + SMOTE),block45_random,45 s block-group random 70/30 + 59 s purge,505,0.0,0.0,0.0,0.0,0.0,0.0,0.0,44.2
xgb_rich60_symmetric_smote,XGBoost (60 s rich features + symmetric relabeling + SMOTE),block45_random,45 s block-group random 70/30 + 59 s purge,506,0.005,0.011180339887498949,0.0022222222222222222,0.004969039949999533,0.003076923076923077,0.0068802091615378135,90.0,569.4
xgb_rich60_symmetric_smote,XGBoost (60 s rich features + symmetric relabeling + SMOTE),block45_random,45 s block-group random 70/30 + 59 s purge,508,0.1801972860812858,0.16761307909266468,0.38666666666666666,0.40387016615629223,0.23997540349261054,0.22897980527557807,45.0,69.6
xgb_rich60_symmetric_smote,XGBoost (60 s rich features + symmetric relabeling + SMOTE),block45_random,45 s block-group random 70/30 + 59 s purge,510,0.13542526837324526,0.19605675054745755,0.23111111111111113,0.4141330376093003,0.1334445371142619,0.18772957519797265,45.0,61.4
xgb_rich60_symmetric_smote,XGBoost (60 s rich features + symmetric relabeling + SMOTE),block45_random,45 s block-group random 70/30 + 59 s purge,511,0.45921902524955954,0.44293761548372235,0.18888888888888888,0.1854257696475404,0.25409375098648723,0.23892590340822173,90.0,64.0
xgb_rich60_symmetric_smote,XGBoost (60 s rich features + symmetric relabeling + SMOTE),block45_random,45 s block-group random 70/30 + 59 s purge,512,0.6126709740483983,0.10728187387329875,0.6066666666666667,0.1457773261058947,0.6065922465812662,0.12023244926849731,270.0,267.0
xgb_rich60_symmetric_smote,XGBoost (60 s rich features + symmetric relabeling + SMOTE),block45_random,45 s block-group random 70/30 + 59 s purge,513,0.4480782572554931,0.06639899720771585,0.43619047619047613,0.2324039367590696,0.41912028163280085,0.17422445652902593,315.0,296.4
xgb_rich60_symmetric_smote,XGBoost (60 s rich features + symmetric relabeling + SMOTE),block45_random,45 s block-group random 70/30 + 59 s purge,515,0.376,0.5166042973108141,0.11222222222222222,0.1557736566264188,0.1727242707760044,0.23905764095117626,180.0,36.2
xgb_rich60_symmetric_smote,XGBoost (60 s rich features + symmetric relabeling + SMOTE),block45_random,45 s block-group random 70/30 + 59 s purge,516,0.0,0.0,0.0,0.0,0.0,0.0,0.0,9.8
xgb_rich60_symmetric_smote,XGBoost (60 s rich features + symmetric relabeling + SMOTE),block45_random,45 s block-group random 70/30 + 59 s purge,517,0.43636363636363634,0.519853762018029,0.1422222222222222,0.24625591426124563,0.19341764874964068,0.30866939206769434,45.0,8.6
xgb_rich60_symmetric_smote,XGBoost (60 s rich features + symmetric relabeling + SMOTE),block45_random,45 s block-group random 70/30 + 59 s purge,518,0.0,0.0,0.0,0.0,0.0,0.0,0.0,54.0
xgb_rich60_symmetric_smote,XGBoost (60 s rich features + symmetric relabeling + SMOTE),block45_random,45 s block-group random 70/30 + 59 s purge,520,0.7391121144029195,0.1630914570763439,0.46412698412698417,0.13579362760104818,0.5544078187675103,0.13844433807559547,315.0,207.4
xgb_rich60_symmetric_smote,XGBoost (60 s rich features + symmetric relabeling + SMOTE),block45_random,45 s block-group random 70/30 + 59 s purge,521,0.0,0.0,0.0,0.0,0.0,0.0,0.0,25.6
xgb_rich60_symmetric_smote,XGBoost (60 s rich features + symmetric relabeling + SMOTE),block45_random,45 s block-group random 70/30 + 59 s purge,522,0.543830978840207,0.092007526644707,0.2977777777777778,0.10149499774817099,0.3740135504947838,0.09717366630845385,225.0,126.2
xgb_rich60_symmetric_smote,XGBoost (60 s rich features + symmetric relabeling + SMOTE),block45_random,45 s block-group random 70/30 + 59 s purge,523,0.6272414687590412,0.04337812270085463,0.6332943469785575,0.40345552473301133,0.5718431605456815,0.25716353259133873,2565.0,2549.8
xgb_rich60_symmetric_smote,XGBoost (60 s rich features + symmetric relabeling + SMOTE),block45_random,45 s block-group random 70/30 + 59 s purge,cafeteria,0.47450302869882083,0.08914545533405221,0.34555555555555556,0.10976243109946227,0.3956211085188489,0.0953345427107701,1440.0,1042.2
xgb_rich60_symmetric_smote,XGBoost (60 s rich features + symmetric relabeling + SMOTE),block45_random,45 s block-group random 70/30 + 59 s purge,cleaning,0.3515844806243343,0.1441808118938038,0.2742857142857143,0.15191064989998573,0.2998481658910649,0.13589839610750845,315.0,238.4
xgb_rich60_symmetric_smote,XGBoost (60 s rich features + symmetric relabeling + SMOTE),block45_random,45 s block-group random 70/30 + 59 s purge,hallway,0.2962930096074324,0.17014698042286133,0.23111111111111113,0.12116425221206686,0.24961276431430535,0.13242873056805124,315.0,258.8
xgb_rich60_symmetric_smote,XGBoost (60 s rich features + symmetric relabeling + SMOTE),block45_random,45 s block-group random 70/30 + 59 s purge,kitchen,0.7324178655831273,0.06033468999436032,0.6125800376647834,0.061552023703797365,0.6645590052105614,0.04307039238447277,2655.0,2236.0
xgb_rich60_symmetric_smote,XGBoost (60 s rich features + symmetric relabeling + SMOTE),block45_random,45 s block-group random 70/30 + 59 s purge,nurse station,0.7815841134114382,0.046786165039784264,0.8483660130718954,0.02752964918058624,0.8127799985228219,0.026058353071714096,3060.0,3331.2
xgb_full60_kl,XGBoost (60 s full-statistics + KL-partial relabeling),block45_random,45 s block-group random 70/30 + 59 s purge,501,0.0,0.0,0.0,0.0,0.0,0.0,135.0,39.6
xgb_full60_kl,XGBoost (60 s full-statistics + KL-partial relabeling),block45_random,45 s block-group random 70/30 + 59 s purge,502,0.2884417616811983,0.41415751665753575,0.09333333333333334,0.12337837015547831,0.09234131408044452,0.11731513995163934,90.0,56.2
xgb_full60_kl,XGBoost (60 s full-statistics + KL-partial relabeling),block45_random,45 s block-group random 70/30 + 59 s purge,503,0.35733333333333334,0.3479974457122095,0.13333333333333333,0.1286204100310025,0.19245961992170285,0.18430588956799815,90.0,1123.0
xgb_full60_kl,XGBoost (60 s full-statistics + KL-partial relabeling),block45_random,45 s block-group random 70/30 + 59 s purge,505,0.0,0.0,0.0,0.0,0.0,0.0,0.0,73.6
xgb_full60_kl,XGBoost (60 s full-statistics + KL-partial relabeling),block45_random,45 s block-group random 70/30 + 59 s purge,506,0.0875,0.12183492931011204,0.03777777777777778,0.07269078770576055,0.04345738295318127,0.0764282676073896,90.0,634.8
xgb_full60_kl,XGBoost (60 s full-statistics + KL-partial relabeling),block45_random,45 s block-group random 70/30 + 59 s purge,508,0.09734653465346535,0.14575021503862529,0.16444444444444445,0.3203393262629758,0.11326810176125243,0.19574629457273485,45.0,45.8
xgb_full60_kl,XGBoost (60 s full-statistics + KL-partial relabeling),block45_random,45 s block-group random 70/30 + 59 s purge,510,0.21673243450619312,0.4393403611508837,0.035555555555555556,0.040368671387966557,0.04233391870326623,0.05929653455636303,45.0,636.8
xgb_full60_kl,XGBoost (60 s full-statistics + KL-partial relabeling),block45_random,45 s block-group random 70/30 + 59 s purge,511,0.4076822447288775,0.265793896659569,0.35555555555555557,0.22263849899459864,0.35307304071885065,0.23899483855067782,90.0,94.4
xgb_full60_kl,XGBoost (60 s full-statistics + KL-partial relabeling),block45_random,45 s block-group random 70/30 + 59 s purge,512,0.550893011177181,0.14813200806438712,0.6222222222222221,0.16925966447799784,0.5820155173571123,0.15533282342506416,270.0,308.0
xgb_full60_kl,XGBoost (60 s full-statistics + KL-partial relabeling),block45_random,45 s block-group random 70/30 + 59 s purge,513,0.40072061021226296,0.06684814942185818,0.3949206349206349,0.12778714349980502,0.3909627558070419,0.09524993732609711,315.0,309.8
xgb_full60_kl,XGBoost (60 s full-statistics + KL-partial relabeling),block45_random,45 s block-group random 70/30 + 59 s purge,515,0.3155388471177945,0.43833517994403615,0.13333333333333336,0.17954847345769237,0.18724972943722942,0.2543925035466958,180.0,47.8
xgb_full60_kl,XGBoost (60 s full-statistics + KL-partial relabeling),block45_random,45 s block-group random 70/30 + 59 s purge,516,0.0,0.0,0.0,0.0,0.0,0.0,0.0,16.0
xgb_full60_kl,XGBoost (60 s full-statistics + KL-partial relabeling),block45_random,45 s block-group random 70/30 + 59 s purge,517,0.40307189542483657,0.3895046204785924,0.3333333333333333,0.30550504633038933,0.3605802469135802,0.3341164201260328,45.0,23.4
xgb_full60_kl,XGBoost (60 s full-statistics + KL-partial relabeling),block45_random,45 s block-group random 70/30 + 59 s purge,518,0.0,0.0,0.0,0.0,0.0,0.0,0.0,26.8
xgb_full60_kl,XGBoost (60 s full-statistics + KL-partial relabeling),block45_random,45 s block-group random 70/30 + 59 s purge,520,0.6387964743909388,0.16238939684486625,0.4774603174603175,0.15094562099930628,0.5357590744733736,0.13231489075744238,315.0,240.4
xgb_full60_kl,XGBoost (60 s full-statistics + KL-partial relabeling),block45_random,45 s block-group random 70/30 + 59 s purge,521,0.0,0.0,0.0,0.0,0.0,0.0,0.0,44.6
xgb_full60_kl,XGBoost (60 s full-statistics + KL-partial relabeling),block45_random,45 s block-group random 70/30 + 59 s purge,522,0.4392651740718092,0.24748765404718603,0.2995555555555556,0.09073635665902113,0.33640283781948416,0.10021414198345946,225.0,180.4
xgb_full60_kl,XGBoost (60 s full-statistics + KL-partial relabeling),block45_random,45 s block-group random 70/30 + 59 s purge,523,0.6703860631267382,0.06330806653408598,0.3192202729044834,0.30456770653700643,0.3762953948526301,0.20155388873938576,2565.0,1254.8
xgb_full60_kl,XGBoost (60 s full-statistics + KL-partial relabeling),block45_random,45 s block-group random 70/30 + 59 s purge,cafeteria,0.4055483611235802,0.0859265996929657,0.26708333333333334,0.07242825845936647,0.3194640019749508,0.07490571176331472,1440.0,958.8
xgb_full60_kl,XGBoost (60 s full-statistics + KL-partial relabeling),block45_random,45 s block-group random 70/30 + 59 s purge,cleaning,0.30085277607335625,0.1679679837024653,0.2577777777777778,0.15030664884604,0.26776416172154266,0.14504537183810304,315.0,253.4
xgb_full60_kl,XGBoost (60 s full-statistics + KL-partial relabeling),block45_random,45 s block-group random 70/30 + 59 s purge,hallway,0.23212835723449454,0.1535777960314053,0.23746031746031745,0.17418998729974408,0.22388470078154343,0.15795940319154864,315.0,325.0
xgb_full60_kl,XGBoost (60 s full-statistics + KL-partial relabeling),block45_random,45 s block-group random 70/30 + 59 s purge,kitchen,0.6929285676572071,0.03594737032471813,0.5938229755178908,0.030595073670734513,0.6390197762651326,0.025590611695847504,2655.0,2279.2
xgb_full60_kl,XGBoost (60 s full-statistics + KL-partial relabeling),block45_random,45 s block-group random 70/30 + 59 s purge,nurse station,0.7609713636179013,0.056908308224622624,0.8201960784313727,0.017783303639468895,0.7885520121893632,0.03169209612579175,3060.0,3312.4
rf_paper60_kl,Random Forest (60 s paper-statistics + KL-partial relabeling),block45_random,45 s block-group random 70/30 + 59 s purge,501,0.057075926691470304,0.09551341086299381,0.03111111111111111,0.04456773024145577,0.039207224486534006,0.059416783528780236,135.0,52.8
rf_paper60_kl,Random Forest (60 s paper-statistics + KL-partial relabeling),block45_random,45 s block-group random 70/30 + 59 s purge,502,0.15635245901639344,0.21661735884546426,0.09333333333333334,0.12780193008453877,0.11649870429023898,0.15979118137978493,90.0,65.0
rf_paper60_kl,Random Forest (60 s paper-statistics + KL-partial relabeling),block45_random,45 s block-group random 70/30 + 59 s purge,503,0.1914047242541799,0.22906176916351886,0.18888888888888888,0.23386183533165764,0.1845214907154915,0.21904648741932856,90.0,1145.4
rf_paper60_kl,Random Forest (60 s paper-statistics + KL-partial relabeling),block45_random,45 s block-group random 70/30 + 59 s purge,505,0.0,0.0,0.0,0.0,0.0,0.0,0.0,30.2
rf_paper60_kl,Random Forest (60 s paper-statistics + KL-partial relabeling),block45_random,45 s block-group random 70/30 + 59 s purge,506,0.18916666666666665,0.28643522634077134,0.07555555555555556,0.15100486460972862,0.10185507246376813,0.19594391560707378,90.0,24.8
rf_paper60_kl,Random Forest (60 s paper-statistics + KL-partial relabeling),block45_random,45 s block-group random 70/30 + 59 s purge,508,0.19183673469387755,0.2963051659245965,0.2977777777777778,0.4078247021139364,0.2233523611831863,0.322286107139802,45.0,38.4
rf_paper60_kl,Random Forest (60 s paper-statistics + KL-partial relabeling),block45_random,45 s block-group random 70/30 + 59 s purge,510,0.19638095238095238,0.23182251401564766,0.2533333333333333,0.3930256172343848,0.213431855500821,0.29122177062847854,45.0,36.6
rf_paper60_kl,Random Forest (60 s paper-statistics + KL-partial relabeling),block45_random,45 s block-group random 70/30 + 59 s purge,511,0.510614103376887,0.3516805955330165,0.31333333333333335,0.13639992035043474,0.33546109829743676,0.14219344899118275,90.0,80.4
rf_paper60_kl,Random Forest (60 s paper-statistics + KL-partial relabeling),block45_random,45 s block-group random 70/30 + 59 s purge,512,0.6440731920422303,0.044926482434808665,0.6474074074074074,0.10956955310874428,0.6414895381911938,0.0609995465115197,270.0,272.4
rf_paper60_kl,Random Forest (60 s paper-statistics + KL-partial relabeling),block45_random,45 s block-group random 70/30 + 59 s purge,513,0.5003305287600155,0.190961787487046,0.5168253968253969,0.23128242386052097,0.49655151142111603,0.1936318876071974,315.0,327.0
rf_paper60_kl,Random Forest (60 s paper-statistics + KL-partial relabeling),block45_random,45 s block-group random 70/30 + 59 s purge,515,0.4669360338243317,0.4437438534494638,0.19,0.19803821803497712,0.2652025436928088,0.26452772206290326,180.0,44.2
rf_paper60_kl,Random Forest (60 s paper-statistics + KL-partial relabeling),block45_random,45 s block-group random 70/30 + 59 s purge,516,0.0,0.0,0.0,0.0,0.0,0.0,0.0,8.6
rf_paper60_kl,Random Forest (60 s paper-statistics + KL-partial relabeling),block45_random,45 s block-group random 70/30 + 59 s purge,517,0.1723227592080051,0.19844060749838296,0.17333333333333334,0.2640613471557858,0.15055318946441743,0.21991877529318968,45.0,38.8
rf_paper60_kl,Random Forest (60 s paper-statistics + KL-partial relabeling),block45_random,45 s block-group random 70/30 + 59 s purge,518,0.0,0.0,0.0,0.0,0.0,0.0,0.0,664.2
rf_paper60_kl,Random Forest (60 s paper-statistics + KL-partial relabeling),block45_random,45 s block-group random 70/30 + 59 s purge,520,0.7770890725401579,0.14874145805574063,0.4825396825396826,0.16399214626402442,0.5778160633837837,0.13607785900814273,315.0,201.0
rf_paper60_kl,Random Forest (60 s paper-statistics + KL-partial relabeling),block45_random,45 s block-group random 70/30 + 59 s purge,521,0.0,0.0,0.0,0.0,0.0,0.0,0.0,28.6
rf_paper60_kl,Random Forest (60 s paper-statistics + KL-partial relabeling),block45_random,45 s block-group random 70/30 + 59 s purge,522,0.638800566343042,0.3671371606395592,0.2586666666666667,0.15017356213872035,0.35083609843893415,0.17994133599177375,225.0,101.8
rf_paper60_kl,Random Forest (60 s paper-statistics + KL-partial relabeling),block45_random,45 s block-group random 70/30 + 59 s purge,523,0.6771832725584759,0.05353539948095556,0.5160233918128655,0.3724045503034416,0.5179010500098962,0.21271059852912494,2565.0,2032.8
rf_paper60_kl,Random Forest (60 s paper-statistics + KL-partial relabeling),block45_random,45 s block-group random 70/30 + 59 s purge,cafeteria,0.5358825909093046,0.09473669817127522,0.26666666666666666,0.07800376395635036,0.34976216542854444,0.07165958892760223,1440.0,729.2
rf_paper60_kl,Random Forest (60 s paper-statistics + KL-partial relabeling),block45_random,45 s block-group random 70/30 + 59 s purge,cleaning,0.35072112038304737,0.17799595390100137,0.19047619047619047,0.12660658160386837,0.24150676907127594,0.14812197029071972,315.0,154.4
rf_paper60_kl,Random Forest (60 s paper-statistics + KL-partial relabeling),block45_random,45 s block-group random 70/30 + 59 s purge,hallway,0.40597658988493485,0.23624696764789022,0.2095238095238095,0.12979041966196592,0.262603859771119,0.1616016682397092,315.0,160.8
rf_paper60_kl,Random Forest (60 s paper-statistics + KL-partial relabeling),block45_random,45 s block-group random 70/30 + 59 s purge,kitchen,0.7117217718184554,0.026956746384580944,0.6437664783427495,0.06360298423583642,0.6747017819469837,0.0384377011577734,2655.0,2403.2
rf_paper60_kl,Random Forest (60 s paper-statistics + KL-partial relabeling),block45_random,45 s block-group random 70/30 + 59 s purge,nurse station,0.749608420208504,0.04641769846008134,0.8895424836601308,0.018447415722096978,0.8126765641500707,0.023371118575675517,3060.0,3644.4
lgbm_basic60_kl_full_smote,LightGBM (60 s RSSI summary + KL-full relabeling + SMOTE),block45_random,45 s block-group random 70/30 + 59 s purge,501,0.10408493427704753,0.18097820976265125,0.04148148148148148,0.05458409904278678,0.05463679133729502,0.08140940003610404,135.0,71.0
lgbm_basic60_kl_full_smote,LightGBM (60 s RSSI summary + KL-full relabeling + SMOTE),block45_random,45 s block-group random 70/30 + 59 s purge,502,0.0,0.0,0.0,0.0,0.0,0.0,90.0,66.0
lgbm_basic60_kl_full_smote,LightGBM (60 s RSSI summary + KL-full relabeling + SMOTE),block45_random,45 s block-group random 70/30 + 59 s purge,503,0.2791504723750299,0.26533867327518923,0.24888888888888888,0.22994900132393822,0.2593503216716001,0.2386251900032906,90.0,63.4
lgbm_basic60_kl_full_smote,LightGBM (60 s RSSI summary + KL-full relabeling + SMOTE),block45_random,45 s block-group random 70/30 + 59 s purge,505,0.0,0.0,0.0,0.0,0.0,0.0,0.0,44.6
lgbm_basic60_kl_full_smote,LightGBM (60 s RSSI summary + KL-full relabeling + SMOTE),block45_random,45 s block-group random 70/30 + 59 s purge,506,0.1196251301631378,0.14242168944660216,0.1222222222222222,0.209054308024742,0.10300978473581213,0.16555750116799597,90.0,89.0
lgbm_basic60_kl_full_smote,LightGBM (60 s RSSI summary + KL-full relabeling + SMOTE),block45_random,45 s block-group random 70/30 + 59 s purge,508,0.22222222222222224,0.43744488188954506,0.013333333333333332,0.01987615979999813,0.02139406487232574,0.030137481795580463,45.0,33.4
lgbm_basic60_kl_full_smote,LightGBM (60 s RSSI summary + KL-full relabeling + SMOTE),block45_random,45 s block-group random 70/30 + 59 s purge,510,0.1376165803108808,0.26127905659655215,0.08888888888888888,0.1640535895581489,0.05257142857142857,0.07243857355563753,45.0,55.8
lgbm_basic60_kl_full_smote,LightGBM (60 s RSSI summary + KL-full relabeling + SMOTE),block45_random,45 s block-group random 70/30 + 59 s purge,511,0.6123311276537083,0.308430604779815,0.31777777777777777,0.17891994209425718,0.3602846168104307,0.16429962936788822,90.0,61.2
lgbm_basic60_kl_full_smote,LightGBM (60 s RSSI summary + KL-full relabeling + SMOTE),block45_random,45 s block-group random 70/30 + 59 s purge,512,0.4687498025360683,0.08415092734460507,0.6111111111111112,0.10563674590334564,0.5221790172609867,0.0625499772900044,270.0,363.6
lgbm_basic60_kl_full_smote,LightGBM (60 s RSSI summary + KL-full relabeling + SMOTE),block45_random,45 s block-group random 70/30 + 59 s purge,513,0.5388916835138919,0.21198528216782428,0.4622222222222222,0.23700916313813405,0.47019899899591555,0.17025661249043597,315.0,283.4
lgbm_basic60_kl_full_smote,LightGBM (60 s RSSI summary + KL-full relabeling + SMOTE),block45_random,45 s block-group random 70/30 + 59 s purge,515,0.45928571428571435,0.44820788270896017,0.11333333333333333,0.11045640444967697,0.18091446590461174,0.17597143832067919,180.0,29.2
lgbm_basic60_kl_full_smote,LightGBM (60 s RSSI summary + KL-full relabeling + SMOTE),block45_random,45 s block-group random 70/30 + 59 s purge,516,0.0,0.0,0.0,0.0,0.0,0.0,0.0,16.2
lgbm_basic60_kl_full_smote,LightGBM (60 s RSSI summary + KL-full relabeling + SMOTE),block45_random,45 s block-group random 70/30 + 59 s purge,517,0.3418275418275418,0.47314900549291966,0.21333333333333332,0.2988042011372731,0.25779748706577976,0.3540482984939479,45.0,19.4
lgbm_basic60_kl_full_smote,LightGBM (60 s RSSI summary + KL-full relabeling + SMOTE),block45_random,45 s block-group random 70/30 + 59 s purge,518,0.0,0.0,0.0,0.0,0.0,0.0,0.0,12.8
lgbm_basic60_kl_full_smote,LightGBM (60 s RSSI summary + KL-full relabeling + SMOTE),block45_random,45 s block-group random 70/30 + 59 s purge,520,0.7486179965776967,0.09778123567653424,0.493968253968254,0.1486582299684904,0.5777838460018135,0.10696115079559736,315.0,214.6
lgbm_basic60_kl_full_smote,LightGBM (60 s RSSI summary + KL-full relabeling + SMOTE),block45_random,45 s block-group random 70/30 + 59 s purge,521,0.0,0.0,0.0,0.0,0.0,0.0,0.0,42.0
lgbm_basic60_kl_full_smote,LightGBM (60 s RSSI summary + KL-full relabeling + SMOTE),block45_random,45 s block-group random 70/30 + 59 s purge,522,0.47277541756314434,0.1904343533890746,0.3128888888888889,0.12125272047348967,0.3754207994512004,0.14531723953294162,225.0,148.8
lgbm_basic60_kl_full_smote,LightGBM (60 s RSSI summary + KL-full relabeling + SMOTE),block45_random,45 s block-group random 70/30 + 59 s purge,523,0.6297091420759149,0.02317515209802211,0.8800779727095517,0.04066428185475367,0.7338446593091732,0.025188137354041344,2565.0,3586.6
lgbm_basic60_kl_full_smote,LightGBM (60 s RSSI summary + KL-full relabeling + SMOTE),block45_random,45 s block-group random 70/30 + 59 s purge,cafeteria,0.4608630572913415,0.0970166721959692,0.33041666666666664,0.11466684667029368,0.38138608063595536,0.10860041248150962,1440.0,1019.0
lgbm_basic60_kl_full_smote,LightGBM (60 s RSSI summary + KL-full relabeling + SMOTE),block45_random,45 s block-group random 70/30 + 59 s purge,cleaning,0.3981798901401879,0.21546710977479744,0.2571428571428572,0.1357305290567108,0.30909955494755653,0.16495567221049037,315.0,200.6
lgbm_basic60_kl_full_smote,LightGBM (60 s RSSI summary + KL-full relabeling + SMOTE),block45_random,45 s block-group random 70/30 + 59 s purge,hallway,0.2720068044102413,0.1493585402832538,0.2615873015873016,0.189901248687207,0.26388806132562054,0.16854936361036887,315.0,280.0
lgbm_basic60_kl_full_smote,LightGBM (60 s RSSI summary + KL-full relabeling + SMOTE),block45_random,45 s block-group random 70/30 + 59 s purge,kitchen,0.7188130012935314,0.04539676267159673,0.6280225988700565,0.04282421278624755,0.6691337464067442,0.029987717866270205,2655.0,2327.6
lgbm_basic60_kl_full_smote,LightGBM (60 s RSSI summary + KL-full relabeling + SMOTE),block45_random,45 s block-group random 70/30 + 59 s purge,nurse station,0.7948881202834022,0.04933462313145984,0.8438562091503268,0.04009991685841472,0.8178724828670939,0.03610320349393449,3060.0,3256.8
rf_basic10_symmetric_smote,Random Forest (10 s RSSI summary + symmetric relabeling + SMOTE),block45_random,45 s block-group random 70/30 + 59 s purge,501,0.07968239779731065,0.08788887617999433,0.1422222222222222,0.25285204444220105,0.042253695910435,0.03582995654395257,135.0,978.6
rf_basic10_symmetric_smote,Random Forest (10 s RSSI summary + symmetric relabeling + SMOTE),block45_random,45 s block-group random 70/30 + 59 s purge,502,0.001257861635220126,0.0028126641226412456,0.0022222222222222222,0.004969039949999533,0.0016064257028112448,0.003592077072288818,90.0,61.4
rf_basic10_symmetric_smote,Random Forest (10 s RSSI summary + symmetric relabeling + SMOTE),block45_random,45 s block-group random 70/30 + 59 s purge,503,0.37660185343112174,0.2699246515859671,0.20444444444444443,0.16566364853052237,0.26393527169575687,0.20535075550511087,90.0,48.4
rf_basic10_symmetric_smote,Random Forest (10 s RSSI summary + symmetric relabeling + SMOTE),block45_random,45 s block-group random 70/30 + 59 s purge,505,0.0,0.0,0.0,0.0,0.0,0.0,0.0,17.8
rf_basic10_symmetric_smote,Random Forest (10 s RSSI summary + symmetric relabeling + SMOTE),block45_random,45 s block-group random 70/30 + 59 s purge,506,0.6106087322451155,0.1764273688047304,0.5888888888888889,0.19984561942894388,0.5567795779622774,0.027492251942619842,90.0,98.6
rf_basic10_symmetric_smote,Random Forest (10 s RSSI summary + symmetric relabeling + SMOTE),block45_random,45 s block-group random 70/30 + 59 s purge,508,0.5895886787984053,0.333921199388908,0.6222222222222222,0.33628324334270127,0.5971302540165793,0.32819175565352204,45.0,60.0
rf_basic10_symmetric_smote,Random Forest (10 s RSSI summary + symmetric relabeling + SMOTE),block45_random,45 s block-group random 70/30 + 59 s purge,510,0.10620969227934403,0.15951853875513214,0.1688888888888889,0.24424234069393935,0.13015873015873014,0.1925809636584521,45.0,48.6
rf_basic10_symmetric_smote,Random Forest (10 s RSSI summary + symmetric relabeling + SMOTE),block45_random,45 s block-group random 70/30 + 59 s purge,511,0.43364801864801866,0.3035955694736191,0.20444444444444448,0.15725264723281573,0.26676475640552233,0.20531896223989354,90.0,53.4
rf_basic10_symmetric_smote,Random Forest (10 s RSSI summary + symmetric relabeling + SMOTE),block45_random,45 s block-group random 70/30 + 59 s purge,512,0.6349925157218614,0.09847601395362751,0.5259259259259259,0.07012628232874626,0.5730206775678132,0.0736218553553281,270.0,226.2
rf_basic10_symmetric_smote,Random Forest (10 s RSSI summary + symmetric relabeling + SMOTE),block45_random,45 s block-group random 70/30 + 59 s purge,513,0.5831472179781003,0.25176552383536904,0.1276190476190476,0.08385400455024868,0.20031921317339602,0.12561773197189685,315.0,76.2
rf_basic10_symmetric_smote,Random Forest (10 s RSSI summary + symmetric relabeling + SMOTE),block45_random,45 s block-group random 70/30 + 59 s purge,515,0.7629768409322004,0.18979281325984812,0.2633333333333333,0.08008483156574395,0.37477996916034684,0.08326266016432458,180.0,69.2
rf_basic10_symmetric_smote,Random Forest (10 s RSSI summary + symmetric relabeling + SMOTE),block45_random,45 s block-group random 70/30 + 59 s purge,516,0.0,0.0,0.0,0.0,0.0,0.0,0.0,6.2
rf_basic10_symmetric_smote,Random Forest (10 s RSSI summary + symmetric relabeling + SMOTE),block45_random,45 s block-group random 70/30 + 59 s purge,517,0.6342857142857142,0.5044293603586499,0.08888888888888888,0.05443310539518174,0.14236494597839133,0.086364855335765,45.0,9.8
rf_basic10_symmetric_smote,Random Forest (10 s RSSI summary + symmetric relabeling + SMOTE),block45_random,45 s block-group random 70/30 + 59 s purge,518,0.0,0.0,0.0,0.0,0.0,0.0,0.0,1788.0
rf_basic10_symmetric_smote,Random Forest (10 s RSSI summary + symmetric relabeling + SMOTE),block45_random,45 s block-group random 70/30 + 59 s purge,520,0.795634532502624,0.14359395305222297,0.41904761904761906,0.09550227908883381,0.5351230101094816,0.046005048487109214,315.0,174.8
rf_basic10_symmetric_smote,Random Forest (10 s RSSI summary + symmetric relabeling + SMOTE),block45_random,45 s block-group random 70/30 + 59 s purge,521,0.0,0.0,0.0,0.0,0.0,0.0,0.0,8.2
rf_basic10_symmetric_smote,Random Forest (10 s RSSI summary + symmetric relabeling + SMOTE),block45_random,45 s block-group random 70/30 + 59 s purge,522,0.641924313224506,0.18930397463359241,0.40444444444444444,0.10051718113687681,0.4825120347321043,0.08164020179679349,225.0,150.6
rf_basic10_symmetric_smote,Random Forest (10 s RSSI summary + symmetric relabeling + SMOTE),block45_random,45 s block-group random 70/30 + 59 s purge,523,0.5967015415981687,0.17564345300189874,0.4135672514619883,0.47340106571319357,0.3330309469351378,0.28790902062214657,2565.0,2088.0
rf_basic10_symmetric_smote,Random Forest (10 s RSSI summary + symmetric relabeling + SMOTE),block45_random,45 s block-group random 70/30 + 59 s purge,cafeteria,0.5303701807194696,0.028190959074260075,0.3111111111111111,0.08048817824015991,0.3880212353973425,0.06860135515272595,1440.0,841.8
rf_basic10_symmetric_smote,Random Forest (10 s RSSI summary + symmetric relabeling + SMOTE),block45_random,45 s block-group random 70/30 + 59 s purge,cleaning,0.5466428125650094,0.0797733256890561,0.27301587301587305,0.11507662831994832,0.34892766611411424,0.11060603984524148,315.0,161.2
rf_basic10_symmetric_smote,Random Forest (10 s RSSI summary + symmetric relabeling + SMOTE),block45_random,45 s block-group random 70/30 + 59 s purge,hallway,0.44819660738623446,0.15415897926662755,0.23746031746031745,0.14423323123920223,0.29617340330534836,0.16191746152748435,315.0,166.8
rf_basic10_symmetric_smote,Random Forest (10 s RSSI summary + symmetric relabeling + SMOTE),block45_random,45 s block-group random 70/30 + 59 s purge,kitchen,0.7010177740647139,0.020213899770758777,0.5465160075329567,0.02080957980649533,0.6140441888887279,0.018129899888258996,2655.0,2070.4
rf_basic10_symmetric_smote,Random Forest (10 s RSSI summary + symmetric relabeling + SMOTE),block45_random,45 s block-group random 70/30 + 59 s purge,nurse station,0.8398878619249883,0.044650525480763446,0.8435294117647059,0.021923940069952443,0.8410402859764334,0.0235862368778334,3060.0,3080.8
rf_lagstack10,Random Forest (10 s causal lag-stack features),block45_random,45 s block-group random 70/30 + 59 s purge,501,0.1293825222396651,0.1922576140138186,0.18518518518518517,0.29896942326830467,0.07040278698345556,0.0844937707502135,135.0,1023.0
rf_lagstack10,Random Forest (10 s causal lag-stack features),block45_random,45 s block-group random 70/30 + 59 s purge,502,0.12399425287356322,0.10806899745590463,0.06222222222222222,0.05246986201385597,0.07954667549498616,0.06543079102442924,90.0,47.6
rf_lagstack10,Random Forest (10 s causal lag-stack features),block45_random,45 s block-group random 70/30 + 59 s purge,503,0.39048674243517445,0.10798148542169576,0.22444444444444445,0.08403409067195128,0.2775753379357366,0.07681849947356333,90.0,53.4
rf_lagstack10,Random Forest (10 s causal lag-stack features),block45_random,45 s block-group random 70/30 + 59 s purge,505,0.0,0.0,0.0,0.0,0.0,0.0,0.0,0.0
rf_lagstack10,Random Forest (10 s causal lag-stack features),block45_random,45 s block-group random 70/30 + 59 s purge,506,0.6981903214635105,0.22828161238649966,0.6022222222222222,0.16581262666182522,0.6088745097692781,0.08634619682429166,90.0,88.6
rf_lagstack10,Random Forest (10 s causal lag-stack features),block45_random,45 s block-group random 70/30 + 59 s purge,508,0.2063348416289593,0.29738181721478374,0.12,0.2117534088812728,0.1458751636839808,0.2416275009171069,45.0,9.4
rf_lagstack10,Random Forest (10 s causal lag-stack features),block45_random,45 s block-group random 70/30 + 59 s purge,510,0.05333333333333333,0.0767390962214756,0.026666666666666665,0.03975231959999626,0.03549609810479376,0.05227253444800433,45.0,10.4
rf_lagstack10,Random Forest (10 s causal lag-stack features),block45_random,45 s block-group random 70/30 + 59 s purge,511,0.6443595499001802,0.18276852926017415,0.4488888888888889,0.13113935665618287,0.5228810536728926,0.14333940849387525,90.0,63.8
rf_lagstack10,Random Forest (10 s causal lag-stack features),block45_random,45 s block-group random 70/30 + 59 s purge,512,0.5842796622470046,0.0836245322847973,0.5488888888888889,0.06965523563847768,0.5639024088712556,0.06760919491881845,270.0,256.2
rf_lagstack10,Random Forest (10 s causal lag-stack features),block45_random,45 s block-group random 70/30 + 59 s purge,513,0.19165329077158771,0.19539007064821365,0.12634920634920635,0.19534001727295547,0.06542688262655003,0.05789499617869402,315.0,928.4
rf_lagstack10,Random Forest (10 s causal lag-stack features),block45_random,45 s block-group random 70/30 + 59 s purge,515,0.6667716894624751,0.14077315501648605,0.3655555555555555,0.12293981263555025,0.45219852677288197,0.08208050094204986,180.0,106.2
rf_lagstack10,Random Forest (10 s causal lag-stack features),block45_random,45 s block-group random 70/30 + 59 s purge,516,0.0,0.0,0.0,0.0,0.0,0.0,0.0,0.0
rf_lagstack10,Random Forest (10 s causal lag-stack features),block45_random,45 s block-group random 70/30 + 59 s purge,517,0.0,0.0,0.0,0.0,0.0,0.0,45.0,0.0
rf_lagstack10,Random Forest (10 s causal lag-stack features),block45_random,45 s block-group random 70/30 + 59 s purge,518,0.0,0.0,0.0,0.0,0.0,0.0,0.0,2.2
rf_lagstack10,Random Forest (10 s causal lag-stack features),block45_random,45 s block-group random 70/30 + 59 s purge,520,0.6993417543664229,0.19601332491992587,0.4374603174603175,0.061081213053257595,0.5294967600341801,0.07705256024265648,315.0,208.8
rf_lagstack10,Random Forest (10 s causal lag-stack features),block45_random,45 s block-group random 70/30 + 59 s purge,521,0.0,0.0,0.0,0.0,0.0,0.0,0.0,0.0
rf_lagstack10,Random Forest (10 s causal lag-stack features),block45_random,45 s block-group random 70/30 + 59 s purge,522,0.5373534641022779,0.17458647213050962,0.4222222222222222,0.0914627361211408,0.4634962309015497,0.09859916701762084,225.0,188.0
rf_lagstack10,Random Forest (10 s causal lag-stack features),block45_random,45 s block-group random 70/30 + 59 s purge,523,0.5537120221818734,0.12714475093784258,0.5592202729044834,0.47865929528086626,0.3992102333047224,0.30376514457599085,2565.0,3020.2
rf_lagstack10,Random Forest (10 s causal lag-stack features),block45_random,45 s block-group random 70/30 + 59 s purge,cafeteria,0.48431364917462305,0.03861369704509659,0.23152777777777778,0.0686106190940523,0.3096047165186823,0.07208226105999316,1440.0,683.2
rf_lagstack10,Random Forest (10 s causal lag-stack features),block45_random,45 s block-group random 70/30 + 59 s purge,cleaning,0.3941773365044893,0.09155914032418473,0.19936507936507936,0.08054363036291758,0.26200019254670687,0.09035915109386569,315.0,155.8
rf_lagstack10,Random Forest (10 s causal lag-stack features),block45_random,45 s block-group random 70/30 + 59 s purge,hallway,0.5503040020565704,0.1917316742918969,0.23809523809523808,0.13519113872931798,0.31608663308202656,0.15610624371814558,315.0,139.8
rf_lagstack10,Random Forest (10 s causal lag-stack features),block45_random,45 s block-group random 70/30 + 59 s purge,kitchen,0.6829446213865229,0.010599672250915836,0.5464406779661016,0.027332801599201317,0.6066932223227424,0.015099706341264113,2655.0,2125.4
rf_lagstack10,Random Forest (10 s causal lag-stack features),block45_random,45 s block-group random 70/30 + 59 s purge,nurse station,0.8163903382927018,0.039535010814921084,0.8450326797385621,0.017742720624574184,0.8298370192374008,0.018066390541907482,3060.0,3174.6
tcn10,Causal TCN (10 s RSSI + availability sequence),block45_random,45 s block-group random 70/30 + 59 s purge,501,0.1283427513961865,0.21374832526725346,0.18962962962962965,0.29395370239124374,0.0795014729668976,0.11580819970872729,135.0,966.4
tcn10,Causal TCN (10 s RSSI + availability sequence),block45_random,45 s block-group random 70/30 + 59 s purge,502,0.1390121265897663,0.1446573183041456,0.08888888888888888,0.08642416214502248,0.10790036117609798,0.10729583802860433,90.0,54.6
tcn10,Causal TCN (10 s RSSI + availability sequence),block45_random,45 s block-group random 70/30 + 59 s purge,503,0.3707096137285525,0.20630766165894746,0.33999999999999997,0.22547617650838306,0.25373982149665963,0.14776723875098507,90.0,975.6
tcn10,Causal TCN (10 s RSSI + availability sequence),block45_random,45 s block-group random 70/30 + 59 s purge,505,0.0,0.0,0.0,0.0,0.0,0.0,0.0,0.0
tcn10,Causal TCN (10 s RSSI + availability sequence),block45_random,45 s block-group random 70/30 + 59 s purge,506,0.6888277878479961,0.1895767676270096,0.6777777777777778,0.1457208560956,0.656313396787008,0.0642309496320478,90.0,97.0
tcn10,Causal TCN (10 s RSSI + availability sequence),block45_random,45 s block-group random 70/30 + 59 s purge,508,0.14128342245989306,0.18128121400071348,0.13777777777777778,0.2246533681084464,0.1350704704326469,0.19950264364878034,45.0,22.2
tcn10,Causal TCN (10 s RSSI + availability sequence),block45_random,45 s block-group random 70/30 + 59 s purge,510,0.07142857142857142,0.15971914124998499,0.02222222222222222,0.04969039949999532,0.03389830508474576,0.07579891449151831,45.0,6.6
tcn10,Causal TCN (10 s RSSI + availability sequence),block45_random,45 s block-group random 70/30 + 59 s purge,511,0.3574112169511666,0.2251759326132032,0.5688888888888888,0.061563978565311414,0.39972904348758914,0.19155592375661554,90.0,252.2
tcn10,Causal TCN (10 s RSSI + availability sequence),block45_random,45 s block-group random 70/30 + 59 s purge,512,0.5781918351880659,0.09264245614241567,0.5377777777777778,0.07164536959853605,0.550656731720488,0.054868807366097755,270.0,259.0
tcn10,Causal TCN (10 s RSSI + availability sequence),block45_random,45 s block-group random 70/30 + 59 s purge,513,0.365866434511919,0.20441614402814554,0.17587301587301588,0.15112911724120312,0.2243708276173389,0.17609880378784076,315.0,145.0
tcn10,Causal TCN (10 s RSSI + availability sequence),block45_random,45 s block-group random 70/30 + 59 s purge,515,0.5450343773873186,0.29337696659849255,0.26111111111111107,0.11041448285750993,0.33964104258490735,0.1316413109405426,180.0,96.4
tcn10,Causal TCN (10 s RSSI + availability sequence),block45_random,45 s block-group random 70/30 + 59 s purge,516,0.0,0.0,0.0,0.0,0.0,0.0,0.0,0.0
tcn10,Causal TCN (10 s RSSI + availability sequence),block45_random,45 s block-group random 70/30 + 59 s purge,517,0.0,0.0,0.0,0.0,0.0,0.0,45.0,0.0
tcn10,Causal TCN (10 s RSSI + availability sequence),block45_random,45 s block-group random 70/30 + 59 s purge,518,0.0,0.0,0.0,0.0,0.0,0.0,0.0,59.6
tcn10,Causal TCN (10 s RSSI + availability sequence),block45_random,45 s block-group random 70/30 + 59 s purge,520,0.605462782260204,0.17754083644281468,0.3746031746031746,0.097253801155812,0.45207350513934486,0.08153926788333841,315.0,205.0
tcn10,Causal TCN (10 s RSSI + availability sequence),block45_random,45 s block-group random 70/30 + 59 s purge,521,0.0,0.0,0.0,0.0,0.0,0.0,0.0,0.0
tcn10,Causal TCN (10 s RSSI + availability sequence),block45_random,45 s block-group random 70/30 + 59 s purge,522,0.4681511182791255,0.2146972018129191,0.4604444444444445,0.09019047060335322,0.45426951267088034,0.139016226912038,225.0,245.6
tcn10,Causal TCN (10 s RSSI + availability sequence),block45_random,45 s block-group random 70/30 + 59 s purge,523,0.5348431069955291,0.10140506670022172,0.5673294346978558,0.4850480243636432,0.4195913406723041,0.3205518384756493,2565.0,2868.4
tcn10,Causal TCN (10 s RSSI + availability sequence),block45_random,45 s block-group random 70/30 + 59 s purge,cafeteria,0.36954029842082137,0.028868939421922677,0.2780555555555556,0.07087008850315094,0.3138733633582967,0.055977007839967806,1440.0,1080.6
tcn10,Causal TCN (10 s RSSI + availability sequence),block45_random,45 s block-group random 70/30 + 59 s purge,cleaning,0.3041210660686391,0.06606040656523991,0.2577777777777778,0.11249478585940344,0.2674139870459013,0.08203411093521021,315.0,274.0
tcn10,Causal TCN (10 s RSSI + availability sequence),block45_random,45 s block-group random 70/30 + 59 s purge,hallway,0.21636025887363028,0.10311600354176358,0.2641269841269841,0.15385202616852417,0.22877460843178493,0.12667708775315561,315.0,406.2
tcn10,Causal TCN (10 s RSSI + availability sequence),block45_random,45 s block-group random 70/30 + 59 s purge,kitchen,0.6532781708742735,0.011914155255434742,0.46606403013182673,0.06201526893457095,0.5423382481273084,0.04339519157679728,2655.0,1893.2
tcn10,Causal TCN (10 s RSSI + availability sequence),block45_random,45 s block-group random 70/30 + 59 s purge,nurse station,0.8525871114589758,0.044262590653636386,0.6605882352941176,0.06596961942699439,0.742324376787882,0.043490508909351654,3060.0,2377.4
rf_topology10,Topology-Augmented Random Forest (10 s RSSI summary + floor-plan graph features),block45_random,45 s block-group random 70/30 + 59 s purge,501,0.26488119401626065,0.4227129058110595,0.16888888888888892,0.3570339634107749,0.02172588343553326,0.01866662469497615,135.0,902.4
rf_topology10,Topology-Augmented Random Forest (10 s RSSI summary + floor-plan graph features),block45_random,45 s block-group random 70/30 + 59 s purge,502,0.17461708305081797,0.18610907812381114,0.10222222222222221,0.12307781338709323,0.126497573981423,0.14778702587961734,90.0,48.0
rf_topology10,Topology-Augmented Random Forest (10 s RSSI summary + floor-plan graph features),block45_random,45 s block-group random 70/30 + 59 s purge,503,0.45531556802244044,0.3346981886488517,0.11777777777777779,0.08410751496789139,0.15709762910861022,0.10070476820253754,90.0,36.8
rf_topology10,Topology-Augmented Random Forest (10 s RSSI summary + floor-plan graph features),block45_random,45 s block-group random 70/30 + 59 s purge,505,0.0,0.0,0.0,0.0,0.0,0.0,0.0,0.0
rf_topology10,Topology-Augmented Random Forest (10 s RSSI summary + floor-plan graph features),block45_random,45 s block-group random 70/30 + 59 s purge,506,0.7162859362859363,0.22078179491761812,0.4844444444444445,0.2101733558426777,0.5325451568080526,0.10491920965125533,90.0,68.8
rf_topology10,Topology-Augmented Random Forest (10 s RSSI summary + floor-plan graph features),block45_random,45 s block-group random 70/30 + 59 s purge,508,0.1782051282051282,0.3670788431039977,0.12444444444444444,0.24272119859401153,0.14570446735395187,0.2924558126169887,45.0,17.6
rf_topology10,Topology-Augmented Random Forest (10 s RSSI summary + floor-plan graph features),block45_random,45 s block-group random 70/30 + 59 s purge,510,0.1,0.22360679774997902,0.017777777777777778,0.03975231959999626,0.03018867924528302,0.06750393894338987,45.0,4.0
rf_topology10,Topology-Augmented Random Forest (10 s RSSI summary + floor-plan graph features),block45_random,45 s block-group random 70/30 + 59 s purge,511,0.6476379270447066,0.21245221144204365,0.5,0.10363754503432014,0.5495833790971281,0.11532565365844875,90.0,75.4
rf_topology10,Topology-Augmented Random Forest (10 s RSSI summary + floor-plan graph features),block45_random,45 s block-group random 70/30 + 59 s purge,512,0.7010580372499877,0.08916771737720443,0.5029629629629631,0.08925080642317988,0.5839222489160751,0.08617687118745801,270.0,193.8
rf_topology10,Topology-Augmented Random Forest (10 s RSSI summary + floor-plan graph features),block45_random,45 s block-group random 70/30 + 59 s purge,513,0.46131067279161764,0.2593300641850548,0.16063492063492063,0.1433430888416658,0.21757239836016748,0.1741922750649024,315.0,111.8
rf_topology10,Topology-Augmented Random Forest (10 s RSSI summary + floor-plan graph features),block45_random,45 s block-group random 70/30 + 59 s purge,515,0.6705175057500639,0.19911378019057122,0.37,0.13032485527033807,0.45193636586039576,0.09426942250830506,180.0,108.6
rf_topology10,Topology-Augmented Random Forest (10 s RSSI summary + floor-plan graph features),block45_random,45 s block-group random 70/30 + 59 s purge,516,0.0,0.0,0.0,0.0,0.0,0.0,0.0,0.0
rf_topology10,Topology-Augmented Random Forest (10 s RSSI summary + floor-plan graph features),block45_random,45 s block-group random 70/30 + 59 s purge,517,0.0,0.0,0.0,0.0,0.0,0.0,45.0,0.0
rf_topology10,Topology-Augmented Random Forest (10 s RSSI summary + floor-plan graph features),block45_random,45 s block-group random 70/30 + 59 s purge,518,0.0,0.0,0.0,0.0,0.0,0.0,0.0,3.4
rf_topology10,Topology-Augmented Random Forest (10 s RSSI summary + floor-plan graph features),block45_random,45 s block-group random 70/30 + 59 s purge,520,0.7365452001334993,0.10617287013587902,0.43809523809523804,0.08612482518254312,0.5450492814353409,0.07574640371837485,315.0,189.2
rf_topology10,Topology-Augmented Random Forest (10 s RSSI summary + floor-plan graph features),block45_random,45 s block-group random 70/30 + 59 s purge,521,0.0,0.0,0.0,0.0,0.0,0.0,0.0,0.0
rf_topology10,Topology-Augmented Random Forest (10 s RSSI summary + floor-plan graph features),block45_random,45 s block-group random 70/30 + 59 s purge,522,0.6270275514569902,0.23284099280137294,0.40888888888888886,0.08821970329457425,0.47386285015998897,0.07643475156983147,225.0,165.6
rf_topology10,Topology-Augmented Random Forest (10 s RSSI summary + floor-plan graph features),block45_random,45 s block-group random 70/30 + 59 s purge,523,0.5525141344480063,0.12828585159995345,0.7734892787524367,0.3884769689623846,0.5495224153632249,0.22650763523498244,2565.0,3974.8
rf_topology10,Topology-Augmented Random Forest (10 s RSSI summary + floor-plan graph features),block45_random,45 s block-group random 70/30 + 59 s purge,cafeteria,0.5111166668331413,0.049355641265237636,0.30125,0.10428974210650813,0.37422647825933053,0.09567360042004339,1440.0,834.0
rf_topology10,Topology-Augmented Random Forest (10 s RSSI summary + floor-plan graph features),block45_random,45 s block-group random 70/30 + 59 s purge,cleaning,0.46087239361437843,0.10989329022222336,0.2419047619047619,0.1259761582261541,0.30908879188283833,0.13939754029746415,315.0,154.8
rf_topology10,Topology-Augmented Random Forest (10 s RSSI summary + floor-plan graph features),block45_random,45 s block-group random 70/30 + 59 s purge,hallway,0.4918208058241279,0.14518684380490335,0.2552380952380952,0.16113417615803138,0.31986243087641664,0.1822751158335434,315.0,157.6
rf_topology10,Topology-Augmented Random Forest (10 s RSSI summary + floor-plan graph features),block45_random,45 s block-group random 70/30 + 59 s purge,kitchen,0.6987543512059533,0.02274286570542227,0.5395103578154427,0.01749203799466664,0.608708404961116,0.015829967718963802,2655.0,2051.2
rf_topology10,Topology-Augmented Random Forest (10 s RSSI summary + floor-plan graph features),block45_random,45 s block-group random 70/30 + 59 s purge,nurse station,0.8201263915521171,0.04059528423831842,0.8523529411764705,0.01886020165931238,0.8353535263796596,0.021345114078911404,3060.0,3187.2
ensemble_calibrated,Calibrated Multi-Resolution RF-XGBoost Ensemble (11 s temporal voting),block45_random,45 s block-group random 70/30 + 59 s purge,501,0.030158730158730156,0.04408603358512573,0.014814814814814814,0.022831162973959172,0.019809292561398184,0.029995737727600284,135.0,80.0
ensemble_calibrated,Calibrated Multi-Resolution RF-XGBoost Ensemble (11 s temporal voting),block45_random,45 s block-group random 70/30 + 59 s purge,502,0.1730120481927711,0.2648542463509545,0.06222222222222222,0.1058767044406364,0.07486705202312138,0.11298345802031111,90.0,65.2
ensemble_calibrated,Calibrated Multi-Resolution RF-XGBoost Ensemble (11 s temporal voting),block45_random,45 s block-group random 70/30 + 59 s purge,503,0.29075832213763253,0.28908678461235904,0.23777777777777778,0.2713250521986816,0.2533972876612374,0.2745035216267706,90.0,71.6
ensemble_calibrated,Calibrated Multi-Resolution RF-XGBoost Ensemble (11 s temporal voting),block45_random,45 s block-group random 70/30 + 59 s purge,505,0.0,0.0,0.0,0.0,0.0,0.0,0.0,54.6
ensemble_calibrated,Calibrated Multi-Resolution RF-XGBoost Ensemble (11 s temporal voting),block45_random,45 s block-group random 70/30 + 59 s purge,506,0.670770140428677,0.29238750004663017,0.47333333333333333,0.2618311584887398,0.48828188201942924,0.16585395779154852,90.0,80.4
ensemble_calibrated,Calibrated Multi-Resolution RF-XGBoost Ensemble (11 s temporal voting),block45_random,45 s block-group random 70/30 + 59 s purge,508,0.39347980412348826,0.237752255092495,0.6666666666666666,0.3849001794597506,0.4853539732020888,0.27723219178418185,45.0,84.2
ensemble_calibrated,Calibrated Multi-Resolution RF-XGBoost Ensemble (11 s temporal voting),block45_random,45 s block-group random 70/30 + 59 s purge,510,0.10517127799736495,0.22715513417300776,0.20444444444444443,0.4448331633431534,0.1388471177944862,0.30076023380210104,45.0,51.2
ensemble_calibrated,Calibrated Multi-Resolution RF-XGBoost Ensemble (11 s temporal voting),block45_random,45 s block-group random 70/30 + 59 s purge,511,0.44050442562101455,0.3611098906301072,0.2422222222222222,0.11287488977066928,0.2875539625696816,0.14032150857182998,90.0,68.6
ensemble_calibrated,Calibrated Multi-Resolution RF-XGBoost Ensemble (11 s temporal voting),block45_random,45 s block-group random 70/30 + 59 s purge,512,0.6261936215559372,0.0797849122102705,0.7466666666666666,0.16758184946127505,0.6763587780023759,0.11031640205296168,270.0,322.0
ensemble_calibrated,Calibrated Multi-Resolution RF-XGBoost Ensemble (11 s temporal voting),block45_random,45 s block-group random 70/30 + 59 s purge,513,0.48619037120447406,0.08112570585618269,0.4317460317460317,0.2327224483569683,0.43743525101885156,0.1856999814019076,315.0,267.0
ensemble_calibrated,Calibrated Multi-Resolution RF-XGBoost Ensemble (11 s temporal voting),block45_random,45 s block-group random 70/30 + 59 s purge,515,0.8041162790697675,0.21942805712869337,0.24,0.12640567654076454,0.3456637512641783,0.1479295903503418,180.0,60.2
ensemble_calibrated,Calibrated Multi-Resolution RF-XGBoost Ensemble (11 s temporal voting),block45_random,45 s block-group random 70/30 + 59 s purge,516,0.0,0.0,0.0,0.0,0.0,0.0,0.0,4.2
ensemble_calibrated,Calibrated Multi-Resolution RF-XGBoost Ensemble (11 s temporal voting),block45_random,45 s block-group random 70/30 + 59 s purge,517,0.7384868421052632,0.36926082041997077,0.18666666666666668,0.02981423969999719,0.2858537296037296,0.06968745092955966,45.0,15.4
ensemble_calibrated,Calibrated Multi-Resolution RF-XGBoost Ensemble (11 s temporal voting),block45_random,45 s block-group random 70/30 + 59 s purge,518,0.0,0.0,0.0,0.0,0.0,0.0,0.0,1081.0
ensemble_calibrated,Calibrated Multi-Resolution RF-XGBoost Ensemble (11 s temporal voting),block45_random,45 s block-group random 70/30 + 59 s purge,520,0.8164312959281073,0.11674908925886283,0.6393650793650794,0.10448737478298543,0.7048816682617629,0.0379821276667176,315.0,255.8
ensemble_calibrated,Calibrated Multi-Resolution RF-XGBoost Ensemble (11 s temporal voting),block45_random,45 s block-group random 70/30 + 59 s purge,521,0.0,0.0,0.0,0.0,0.0,0.0,0.0,16.6
ensemble_calibrated,Calibrated Multi-Resolution RF-XGBoost Ensemble (11 s temporal voting),block45_random,45 s block-group random 70/30 + 59 s purge,522,0.6680388571138871,0.1831654278554343,0.4746666666666667,0.09196886214876357,0.5462004535187894,0.10571584676314787,225.0,168.6
ensemble_calibrated,Calibrated Multi-Resolution RF-XGBoost Ensemble (11 s temporal voting),block45_random,45 s block-group random 70/30 + 59 s purge,523,0.7099770999257967,0.10953717199208263,0.6378947368421053,0.37195295411139967,0.5964615142411158,0.2178761875440806,2565.0,2463.8
ensemble_calibrated,Calibrated Multi-Resolution RF-XGBoost Ensemble (11 s temporal voting),block45_random,45 s block-group random 70/30 + 59 s purge,cafeteria,0.56621128933493,0.027883571257772907,0.3219444444444444,0.07178789004705048,0.4073987146667678,0.062276503447216074,1440.0,816.8
ensemble_calibrated,Calibrated Multi-Resolution RF-XGBoost Ensemble (11 s temporal voting),block45_random,45 s block-group random 70/30 + 59 s purge,cleaning,0.45557689910289173,0.15421639544914156,0.34984126984126984,0.16831984334861708,0.38764774793788187,0.17011142374287397,315.0,230.8
ensemble_calibrated,Calibrated Multi-Resolution RF-XGBoost Ensemble (11 s temporal voting),block45_random,45 s block-group random 70/30 + 59 s purge,hallway,0.35999531833727405,0.1851979890901018,0.2723809523809524,0.17822223353181638,0.2962973857045846,0.17672338205503516,315.0,233.2
ensemble_calibrated,Calibrated Multi-Resolution RF-XGBoost Ensemble (11 s temporal voting),block45_random,45 s block-group random 70/30 + 59 s purge,kitchen,0.7263733565677948,0.03529190132207128,0.6697551789077212,0.032410759521364095,0.696619086399546,0.029684733760433762,2655.0,2450.2
ensemble_calibrated,Calibrated Multi-Resolution RF-XGBoost Ensemble (11 s temporal voting),block45_random,45 s block-group random 70/30 + 59 s purge,nurse station,0.81944570845418,0.03283998863183324,0.8942483660130719,0.02641262919657292,0.8547991910434517,0.021906212767827265,3060.0,3343.6
ensemble_room510,Calibrated Multi-Resolution RF-XGBoost Ensemble + class-510 probability recovery,block45_random,45 s block-group random 70/30 + 59 s purge,501,0.030158730158730156,0.04408603358512573,0.014814814814814814,0.022831162973959172,0.019809292561398184,0.029995737727600284,135.0,80.0
ensemble_room510,Calibrated Multi-Resolution RF-XGBoost Ensemble + class-510 probability recovery,block45_random,45 s block-group random 70/30 + 59 s purge,502,0.1730120481927711,0.2648542463509545,0.06222222222222222,0.1058767044406364,0.07486705202312138,0.11298345802031111,90.0,65.2
ensemble_room510,Calibrated Multi-Resolution RF-XGBoost Ensemble + class-510 probability recovery,block45_random,45 s block-group random 70/30 + 59 s purge,503,0.29075832213763253,0.28908678461235904,0.23777777777777778,0.2713250521986816,0.2533972876612374,0.2745035216267706,90.0,71.6
ensemble_room510,Calibrated Multi-Resolution RF-XGBoost Ensemble + class-510 probability recovery,block45_random,45 s block-group random 70/30 + 59 s purge,505,0.0,0.0,0.0,0.0,0.0,0.0,0.0,54.6
ensemble_room510,Calibrated Multi-Resolution RF-XGBoost Ensemble + class-510 probability recovery,block45_random,45 s block-group random 70/30 + 59 s purge,506,0.670770140428677,0.29238750004663017,0.47333333333333333,0.2618311584887398,0.48828188201942924,0.16585395779154852,90.0,80.4
ensemble_room510,Calibrated Multi-Resolution RF-XGBoost Ensemble + class-510 probability recovery,block45_random,45 s block-group random 70/30 + 59 s purge,508,0.39347980412348826,0.237752255092495,0.6666666666666666,0.3849001794597506,0.4853539732020888,0.27723219178418185,45.0,84.2
ensemble_room510,Calibrated Multi-Resolution RF-XGBoost Ensemble + class-510 probability recovery,block45_random,45 s block-group random 70/30 + 59 s purge,510,0.30517127799736493,0.4461096456953993,0.23555555555555552,0.43222079405648084,0.19269327164064007,0.2937052970107459,45.0,54.0
ensemble_room510,Calibrated Multi-Resolution RF-XGBoost Ensemble + class-510 probability recovery,block45_random,45 s block-group random 70/30 + 59 s purge,511,0.44354393929882613,0.3602958503215004,0.2422222222222222,0.11287488977066928,0.28917283398503774,0.141585223255883,90.0,67.8
ensemble_room510,Calibrated Multi-Resolution RF-XGBoost Ensemble + class-510 probability recovery,block45_random,45 s block-group random 70/30 + 59 s purge,512,0.6261936215559372,0.0797849122102705,0.7466666666666666,0.16758184946127505,0.6763587780023759,0.11031640205296168,270.0,322.0
ensemble_room510,Calibrated Multi-Resolution RF-XGBoost Ensemble + class-510 probability recovery,block45_random,45 s block-group random 70/30 + 59 s purge,513,0.48619037120447406,0.08112570585618269,0.4317460317460317,0.2327224483569683,0.43743525101885156,0.1856999814019076,315.0,267.0
ensemble_room510,Calibrated Multi-Resolution RF-XGBoost Ensemble + class-510 probability recovery,block45_random,45 s block-group random 70/30 + 59 s purge,515,0.8041162790697675,0.21942805712869337,0.24,0.12640567654076454,0.3456637512641783,0.1479295903503418,180.0,60.2
ensemble_room510,Calibrated Multi-Resolution RF-XGBoost Ensemble + class-510 probability recovery,block45_random,45 s block-group random 70/30 + 59 s purge,516,0.0,0.0,0.0,0.0,0.0,0.0,0.0,4.2
ensemble_room510,Calibrated Multi-Resolution RF-XGBoost Ensemble + class-510 probability recovery,block45_random,45 s block-group random 70/30 + 59 s purge,517,0.7384868421052632,0.36926082041997077,0.18666666666666668,0.02981423969999719,0.2858537296037296,0.06968745092955966,45.0,15.4
ensemble_room510,Calibrated Multi-Resolution RF-XGBoost Ensemble + class-510 probability recovery,block45_random,45 s block-group random 70/30 + 59 s purge,518,0.0,0.0,0.0,0.0,0.0,0.0,0.0,1080.4
ensemble_room510,Calibrated Multi-Resolution RF-XGBoost Ensemble + class-510 probability recovery,block45_random,45 s block-group random 70/30 + 59 s purge,520,0.8164312959281073,0.11674908925886283,0.6393650793650794,0.10448737478298543,0.7048816682617629,0.0379821276667176,315.0,255.8
ensemble_room510,Calibrated Multi-Resolution RF-XGBoost Ensemble + class-510 probability recovery,block45_random,45 s block-group random 70/30 + 59 s purge,521,0.0,0.0,0.0,0.0,0.0,0.0,0.0,16.6
ensemble_room510,Calibrated Multi-Resolution RF-XGBoost Ensemble + class-510 probability recovery,block45_random,45 s block-group random 70/30 + 59 s purge,522,0.6680388571138871,0.1831654278554343,0.4746666666666667,0.09196886214876357,0.5462004535187894,0.10571584676314787,225.0,168.6
ensemble_room510,Calibrated Multi-Resolution RF-XGBoost Ensemble + class-510 probability recovery,block45_random,45 s block-group random 70/30 + 59 s purge,523,0.7098397027992798,0.10965907204615026,0.6373489278752437,0.37142768953067457,0.5961844664438982,0.21763080794580852,2565.0,2462.4
ensemble_room510,Calibrated Multi-Resolution RF-XGBoost Ensemble + class-510 probability recovery,block45_random,45 s block-group random 70/30 + 59 s purge,cafeteria,0.56621128933493,0.027883571257772907,0.3219444444444444,0.07178789004705048,0.4073987146667678,0.062276503447216074,1440.0,816.8
ensemble_room510,Calibrated Multi-Resolution RF-XGBoost Ensemble + class-510 probability recovery,block45_random,45 s block-group random 70/30 + 59 s purge,cleaning,0.45557689910289173,0.15421639544914156,0.34984126984126984,0.16831984334861708,0.38764774793788187,0.17011142374287397,315.0,230.8
ensemble_room510,Calibrated Multi-Resolution RF-XGBoost Ensemble + class-510 probability recovery,block45_random,45 s block-group random 70/30 + 59 s purge,hallway,0.35999531833727405,0.1851979890901018,0.2723809523809524,0.17822223353181638,0.2962973857045846,0.17672338205503516,315.0,233.2
ensemble_room510,Calibrated Multi-Resolution RF-XGBoost Ensemble + class-510 probability recovery,block45_random,45 s block-group random 70/30 + 59 s purge,kitchen,0.7263733565677948,0.03529190132207128,0.6697551789077212,0.032410759521364095,0.696619086399546,0.029684733760433762,2655.0,2450.2
ensemble_room510,Calibrated Multi-Resolution RF-XGBoost Ensemble + class-510 probability recovery,block45_random,45 s block-group random 70/30 + 59 s purge,nurse station,0.81944570845418,0.03283998863183324,0.8942483660130719,0.02641262919657292,0.8547991910434517,0.021906212767827265,3060.0,3343.6
ensemble_class_aware,Calibrated Multi-Resolution RF-XGBoost Ensemble + class-510 recovery + class-518-weighted temporal voting,block45_random,45 s block-group random 70/30 + 59 s purge,501,0.030158730158730156,0.04408603358512573,0.014814814814814814,0.022831162973959172,0.019809292561398184,0.029995737727600284,135.0,80.0
ensemble_class_aware,Calibrated Multi-Resolution RF-XGBoost Ensemble + class-510 recovery + class-518-weighted temporal voting,block45_random,45 s block-group random 70/30 + 59 s purge,502,0.1730120481927711,0.2648542463509545,0.06222222222222222,0.1058767044406364,0.07486705202312138,0.11298345802031111,90.0,65.2
ensemble_class_aware,Calibrated Multi-Resolution RF-XGBoost Ensemble + class-510 recovery + class-518-weighted temporal voting,block45_random,45 s block-group random 70/30 + 59 s purge,503,0.29126252381830475,0.28864161388258835,0.23777777777777778,0.2713250521986816,0.25368574919969894,0.2742925975204767,90.0,70.4
ensemble_class_aware,Calibrated Multi-Resolution RF-XGBoost Ensemble + class-510 recovery + class-518-weighted temporal voting,block45_random,45 s block-group random 70/30 + 59 s purge,505,0.0,0.0,0.0,0.0,0.0,0.0,0.0,54.0
ensemble_class_aware,Calibrated Multi-Resolution RF-XGBoost Ensemble + class-510 recovery + class-518-weighted temporal voting,block45_random,45 s block-group random 70/30 + 59 s purge,506,0.670770140428677,0.29238750004663017,0.47333333333333333,0.2618311584887398,0.48828188201942924,0.16585395779154852,90.0,80.4
ensemble_class_aware,Calibrated Multi-Resolution RF-XGBoost Ensemble + class-510 recovery + class-518-weighted temporal voting,block45_random,45 s block-group random 70/30 + 59 s purge,508,0.4038627106976641,0.24388138661519315,0.6666666666666666,0.3849001794597506,0.49291468644526903,0.28152656022654254,45.0,82.8
ensemble_class_aware,Calibrated Multi-Resolution RF-XGBoost Ensemble + class-510 recovery + class-518-weighted temporal voting,block45_random,45 s block-group random 70/30 + 59 s purge,510,0.3087809036658141,0.44826293181937177,0.20888888888888885,0.44238411330392924,0.15066596256527606,0.3033096295987924,45.0,52.2
ensemble_class_aware,Calibrated Multi-Resolution RF-XGBoost Ensemble + class-510 recovery + class-518-weighted temporal voting,block45_random,45 s block-group random 70/30 + 59 s purge,511,0.44599893111552,0.3597307667880926,0.2422222222222222,0.11287488977066928,0.2904339437616411,0.14262557895715755,90.0,67.2
ensemble_class_aware,Calibrated Multi-Resolution RF-XGBoost Ensemble + class-510 recovery + class-518-weighted temporal voting,block45_random,45 s block-group random 70/30 + 59 s purge,512,0.62745877197363,0.08206063672360019,0.7466666666666666,0.16758184946127505,0.6771701244658962,0.11182309332301607,270.0,321.4
ensemble_class_aware,Calibrated Multi-Resolution RF-XGBoost Ensemble + class-510 recovery + class-518-weighted temporal voting,block45_random,45 s block-group random 70/30 + 59 s purge,513,0.48624718077878093,0.08115123279505006,0.4298412698412698,0.23168731589294872,0.4365416766971501,0.18517933169879483,315.0,265.8
ensemble_class_aware,Calibrated Multi-Resolution RF-XGBoost Ensemble + class-510 recovery + class-518-weighted temporal voting,block45_random,45 s block-group random 70/30 + 59 s purge,515,0.8041162790697675,0.21942805712869337,0.24,0.12640567654076454,0.3456637512641783,0.1479295903503418,180.0,60.2
ensemble_class_aware,Calibrated Multi-Resolution RF-XGBoost Ensemble + class-510 recovery + class-518-weighted temporal voting,block45_random,45 s block-group random 70/30 + 59 s purge,516,0.0,0.0,0.0,0.0,0.0,0.0,0.0,4.2
ensemble_class_aware,Calibrated Multi-Resolution RF-XGBoost Ensemble + class-510 recovery + class-518-weighted temporal voting,block45_random,45 s block-group random 70/30 + 59 s purge,517,0.7384868421052632,0.36926082041997077,0.18666666666666668,0.02981423969999719,0.2858537296037296,0.06968745092955966,45.0,15.4
ensemble_class_aware,Calibrated Multi-Resolution RF-XGBoost Ensemble + class-510 recovery + class-518-weighted temporal voting,block45_random,45 s block-group random 70/30 + 59 s purge,518,0.0,0.0,0.0,0.0,0.0,0.0,0.0,1122.0
ensemble_class_aware,Calibrated Multi-Resolution RF-XGBoost Ensemble + class-510 recovery + class-518-weighted temporal voting,block45_random,45 s block-group random 70/30 + 59 s purge,520,0.8312790316250025,0.1303177314336097,0.6247619047619046,0.11475652581304153,0.6987098969867895,0.04255486390009381,315.0,247.0
ensemble_class_aware,Calibrated Multi-Resolution RF-XGBoost Ensemble + class-510 recovery + class-518-weighted temporal voting,block45_random,45 s block-group random 70/30 + 59 s purge,521,0.0,0.0,0.0,0.0,0.0,0.0,0.0,16.6
ensemble_class_aware,Calibrated Multi-Resolution RF-XGBoost Ensemble + class-510 recovery + class-518-weighted temporal voting,block45_random,45 s block-group random 70/30 + 59 s purge,522,0.6732416091302051,0.1761080935517785,0.4746666666666667,0.09196886214876357,0.548668245729715,0.10342706885481032,225.0,166.2
ensemble_class_aware,Calibrated Multi-Resolution RF-XGBoost Ensemble + class-510 recovery + class-518-weighted temporal voting,block45_random,45 s block-group random 70/30 + 59 s purge,523,0.7080062008897666,0.1081008964484215,0.6342300194931775,0.37569501727773624,0.5923783086150312,0.22326230433612973,2565.0,2452.8
ensemble_class_aware,Calibrated Multi-Resolution RF-XGBoost Ensemble + class-510 recovery + class-518-weighted temporal voting,block45_random,45 s block-group random 70/30 + 59 s purge,cafeteria,0.5668635804434281,0.02790402760635126,0.32138888888888884,0.07131744966376188,0.4072207259067501,0.062273794964654884,1440.0,814.2
ensemble_class_aware,Calibrated Multi-Resolution RF-XGBoost Ensemble + class-510 recovery + class-518-weighted temporal voting,block45_random,45 s block-group random 70/30 + 59 s purge,cleaning,0.45655927841374677,0.15493228256992234,0.3485714285714286,0.1673591058018194,0.3872872088230175,0.1698291972895931,315.0,229.6
ensemble_class_aware,Calibrated Multi-Resolution RF-XGBoost Ensemble + class-510 recovery + class-518-weighted temporal voting,block45_random,45 s block-group random 70/30 + 59 s purge,hallway,0.36206244668754684,0.1830822854164995,0.2723809523809524,0.17822223353181638,0.29665658138569795,0.17632429266782712,315.0,231.8
ensemble_class_aware,Calibrated Multi-Resolution RF-XGBoost Ensemble + class-510 recovery + class-518-weighted temporal voting,block45_random,45 s block-group random 70/30 + 59 s purge,kitchen,0.7262278549143152,0.034967473238565076,0.6682485875706214,0.030288434828060214,0.6957378301722981,0.028272252679851666,2655.0,2445.4
ensemble_class_aware,Calibrated Multi-Resolution RF-XGBoost Ensemble + class-510 recovery + class-518-weighted temporal voting,block45_random,45 s block-group random 70/30 + 59 s purge,nurse station,0.8198289445575762,0.03280975914448205,0.8937908496732027,0.026677557688834733,0.8548109031735052,0.022321679530575376,3060.0,3340.2
rf_basic10,Random Forest (10 s RSSI summary features),event_random,Event-group random 70/30 + 59 s purge,501,0.09562962962962963,0.10125156436665116,0.042286036036036034,0.07317231437714353,0.04890096685338213,0.07317097954793847,188.4,57.2
rf_basic10,Random Forest (10 s RSSI summary features),event_random,Event-group random 70/30 + 59 s purge,502,0.22258269720101778,0.16744429672659564,0.09729260070204707,0.08905769330259183,0.12421606236255353,0.11044375392435607,125.8,59.8
rf_basic10,Random Forest (10 s RSSI summary features),event_random,Event-group random 70/30 + 59 s purge,503,0.16666666666666666,0.19731968209126302,0.2533333333333333,0.24221202832779934,0.18715794009911657,0.20905330050014245,103.4,22.0
rf_basic10,Random Forest (10 s RSSI summary features),event_random,Event-group random 70/30 + 59 s purge,505,0.0,0.0,0.0,0.0,0.0,0.0,9.0,2.6
rf_basic10,Random Forest (10 s RSSI summary features),event_random,Event-group random 70/30 + 59 s purge,506,0.16246179494303975,0.3492368759609648,0.10661577608142495,0.16217357183642636,0.1088235294117647,0.21950715478876812,40.6,53.4
rf_basic10,Random Forest (10 s RSSI summary features),event_random,Event-group random 70/30 + 59 s purge,508,0.023708677685950412,0.04059946927530934,0.040606060606060604,0.06081781189964655,0.029451137884872823,0.048257802323094866,55.6,42.2
rf_basic10,Random Forest (10 s RSSI summary features),event_random,Event-group random 70/30 + 59 s purge,510,0.0,0.0,0.0,0.0,0.0,0.0,0.0,46.6
rf_basic10,Random Forest (10 s RSSI summary features),event_random,Event-group random 70/30 + 59 s purge,511,0.18291666666666667,0.3027951383911791,0.17798573975044563,0.24770562343855607,0.17286300858529305,0.2610129694191824,65.0,57.0
rf_basic10,Random Forest (10 s RSSI summary features),event_random,Event-group random 70/30 + 59 s purge,512,0.6525776362456648,0.3463212926663801,0.38500143802128267,0.14209068028885222,0.473466628861944,0.22866189341287832,377.0,240.6
rf_basic10,Random Forest (10 s RSSI summary features),event_random,Event-group random 70/30 + 59 s purge,513,0.0742726797854155,0.052259706632207296,0.3211145996860283,0.4167394164075677,0.07839644842663787,0.057742801345548045,210.0,197.8
rf_basic10,Random Forest (10 s RSSI summary features),event_random,Event-group random 70/30 + 59 s purge,515,0.7691320679999925,0.18142909015329423,0.19531772575250833,0.03399217644755027,0.30742462306936946,0.04550409925953763,299.0,80.4
rf_basic10,Random Forest (10 s RSSI summary features),event_random,Event-group random 70/30 + 59 s purge,516,0.26769230769230773,0.37803603347240633,0.20085470085470086,0.2864523252114341,0.22945301542777,0.32582308465849324,14.0,4.6
rf_basic10,Random Forest (10 s RSSI summary features),event_random,Event-group random 70/30 + 59 s purge,517,0.3610636645962733,0.3457127461847477,0.12323232323232322,0.11257076133943461,0.18228667718193556,0.16729399924793556,69.8,21.2
rf_basic10,Random Forest (10 s RSSI summary features),event_random,Event-group random 70/30 + 59 s purge,518,0.11428571428571428,0.25555062599997597,0.020512820512820513,0.045868061076918765,0.034782608695652174,0.07777627747825355,61.6,2.6
rf_basic10,Random Forest (10 s RSSI summary features),event_random,Event-group random 70/30 + 59 s purge,520,0.7209283307660866,0.21289201623748644,0.5071133888006875,0.05105377705850416,0.5854520760443924,0.10461580260485027,549.4,397.6
rf_basic10,Random Forest (10 s RSSI summary features),event_random,Event-group random 70/30 + 59 s purge,521,0.0,0.0,0.0,0.0,0.0,0.0,0.0,1464.4
rf_basic10,Random Forest (10 s RSSI summary features),event_random,Event-group random 70/30 + 59 s purge,522,0.6430483190254284,0.3954881810334081,0.37245365756428145,0.23040249214962064,0.3846705105599836,0.26874766901450736,279.8,126.0
rf_basic10,Random Forest (10 s RSSI summary features),event_random,Event-group random 70/30 + 59 s purge,523,0.4529725739580906,0.05912183390686538,0.5984325781448041,0.45275560412358173,0.43993915390733485,0.25548710245910927,2148.8,3517.8
rf_basic10,Random Forest (10 s RSSI summary features),event_random,Event-group random 70/30 + 59 s purge,cafeteria,0.4436863423225451,0.18194027128628343,0.3379500031043295,0.03301220260620135,0.3673178024595848,0.06872403368821293,1879.0,1458.8
rf_basic10,Random Forest (10 s RSSI summary features),event_random,Event-group random 70/30 + 59 s purge,cleaning,0.42221141138435375,0.19512601348044764,0.23307263211011814,0.15592498886780992,0.26955513229628797,0.10591278464519951,513.8,249.4
rf_basic10,Random Forest (10 s RSSI summary features),event_random,Event-group random 70/30 + 59 s purge,hallway,0.29238986724713756,0.16495649986417343,0.09131894899680829,0.08114275064368903,0.1068504137262136,0.06143357043515112,461.0,117.4
rf_basic10,Random Forest (10 s RSSI summary features),event_random,Event-group random 70/30 + 59 s purge,kitchen,0.6391021179283288,0.18387077089768708,0.42603290694524426,0.05517966793351556,0.5014576422141092,0.07883017933484204,2821.0,1943.4
rf_basic10,Random Forest (10 s RSSI summary features),event_random,Event-group random 70/30 + 59 s purge,nurse station,0.8032011553386026,0.033997403327930005,0.8251408935414843,0.06687437484341834,0.8131307426902653,0.042528504361875163,3837.6,3946.8
xgb_rich60_kl_full_smote,XGBoost (60 s rich features + KL-full relabeling + SMOTE),event_random,Event-group random 70/30 + 59 s purge,501,0.07831287705429582,0.09818607896566615,0.015135135135135137,0.017727385767565898,0.019950218307181057,0.017503342526992524,188.4,63.4
xgb_rich60_kl_full_smote,XGBoost (60 s rich features + KL-full relabeling + SMOTE),event_random,Event-group random 70/30 + 59 s purge,502,0.011940298507462687,0.026699319134325848,0.0028776978417266188,0.006434727992805149,0.00463768115942029,0.010370170330433807,125.8,45.4
xgb_rich60_kl_full_smote,XGBoost (60 s rich features + KL-full relabeling + SMOTE),event_random,Event-group random 70/30 + 59 s purge,503,0.1967741935483871,0.44000047299189415,0.051694915254237285,0.1155933445995654,0.08187919463087248,0.18308744513756667,103.4,35.6
xgb_rich60_kl_full_smote,XGBoost (60 s rich features + KL-full relabeling + SMOTE),event_random,Event-group random 70/30 + 59 s purge,505,0.0,0.0,0.0,0.0,0.0,0.0,9.0,37.4
xgb_rich60_kl_full_smote,XGBoost (60 s rich features + KL-full relabeling + SMOTE),event_random,Event-group random 70/30 + 59 s purge,506,0.07669452181987,0.14509894012324762,0.2111111111111111,0.44165793143003973,0.03814576228369332,0.05223331255099693,40.6,86.6
xgb_rich60_kl_full_smote,XGBoost (60 s rich features + KL-full relabeling + SMOTE),event_random,Event-group random 70/30 + 59 s purge,508,0.020588235294117647,0.046036693654407435,0.019444444444444445,0.04347909956249591,0.02,0.044721359549995794,55.6,35.8
xgb_rich60_kl_full_smote,XGBoost (60 s rich features + KL-full relabeling + SMOTE),event_random,Event-group random 70/30 + 59 s purge,510,0.0,0.0,0.0,0.0,0.0,0.0,0.0,96.6
xgb_rich60_kl_full_smote,XGBoost (60 s rich features + KL-full relabeling + SMOTE),event_random,Event-group random 70/30 + 59 s purge,511,0.08943089430894309,0.1999735589633958,0.08333333333333334,0.1863389981249825,0.08627450980392157,0.1929156686470407,65.0,59.2
xgb_rich60_kl_full_smote,XGBoost (60 s rich features + KL-full relabeling + SMOTE),event_random,Event-group random 70/30 + 59 s purge,512,0.5858992315523477,0.33421321258003045,0.3030701754385965,0.1715397360389717,0.39853955177999933,0.22479383056967797,377.0,213.4
xgb_rich60_kl_full_smote,XGBoost (60 s rich features + KL-full relabeling + SMOTE),event_random,Event-group random 70/30 + 59 s purge,513,0.09793149540517962,0.14050344096938563,0.09572998430141287,0.12621822206652208,0.09544007438482054,0.1304027425885863,210.0,322.6
xgb_rich60_kl_full_smote,XGBoost (60 s rich features + KL-full relabeling + SMOTE),event_random,Event-group random 70/30 + 59 s purge,515,0.11079095279181561,0.1891736861314021,0.021404682274247494,0.03504531611352438,0.035717015791234395,0.059241969947834046,299.0,70.6
xgb_rich60_kl_full_smote,XGBoost (60 s rich features + KL-full relabeling + SMOTE),event_random,Event-group random 70/30 + 59 s purge,516,0.0,0.0,0.0,0.0,0.0,0.0,14.0,28.8
xgb_rich60_kl_full_smote,XGBoost (60 s rich features + KL-full relabeling + SMOTE),event_random,Event-group random 70/30 + 59 s purge,517,0.5881080196399345,0.3582589643118357,0.38585858585858585,0.3966109875962763,0.39150595657655024,0.30563339681538815,69.8,56.0
xgb_rich60_kl_full_smote,XGBoost (60 s rich features + KL-full relabeling + SMOTE),event_random,Event-group random 70/30 + 59 s purge,518,0.03684763742601796,0.040400918245487215,0.038636363636363635,0.04297197818452054,0.0375596916713668,0.0415175017752998,61.6,72.8
xgb_rich60_kl_full_smote,XGBoost (60 s rich features + KL-full relabeling + SMOTE),event_random,Event-group random 70/30 + 59 s purge,520,0.5297321138915951,0.3566791004134497,0.38220770900177714,0.17651786748440781,0.385053710474687,0.2175232129328222,549.4,795.0
xgb_rich60_kl_full_smote,XGBoost (60 s rich features + KL-full relabeling + SMOTE),event_random,Event-group random 70/30 + 59 s purge,521,0.0,0.0,0.0,0.0,0.0,0.0,0.0,106.2
xgb_rich60_kl_full_smote,XGBoost (60 s rich features + KL-full relabeling + SMOTE),event_random,Event-group random 70/30 + 59 s purge,522,0.5402894683646655,0.49723733891730415,0.26494803313502946,0.32887030006968526,0.3291688937616161,0.389583700695133,279.8,154.0
xgb_rich60_kl_full_smote,XGBoost (60 s rich features + KL-full relabeling + SMOTE),event_random,Event-group random 70/30 + 59 s purge,523,0.5170045047316908,0.22779670297882415,0.7585331525379237,0.2357715743496383,0.5628589690770476,0.18120993835844157,2148.8,3201.8
xgb_rich60_kl_full_smote,XGBoost (60 s rich features + KL-full relabeling + SMOTE),event_random,Event-group random 70/30 + 59 s purge,cafeteria,0.41446443624213847,0.16673131726510665,0.4255261452751428,0.07380793304993045,0.3958002132328274,0.06397396984025142,1879.0,1939.0
xgb_rich60_kl_full_smote,XGBoost (60 s rich features + KL-full relabeling + SMOTE),event_random,Event-group random 70/30 + 59 s purge,cleaning,0.2932140127331593,0.14717517152597742,0.23217395887224163,0.16974531895349407,0.21748987191331204,0.11680780610335358,513.8,354.8
xgb_rich60_kl_full_smote,XGBoost (60 s rich features + KL-full relabeling + SMOTE),event_random,Event-group random 70/30 + 59 s purge,hallway,0.23836172164655559,0.2205363152063149,0.0958772832518652,0.0745243280205483,0.11599381207245225,0.09720634621811615,461.0,203.6
xgb_rich60_kl_full_smote,XGBoost (60 s rich features + KL-full relabeling + SMOTE),event_random,Event-group random 70/30 + 59 s purge,kitchen,0.6743391067461426,0.1759682734323348,0.5074023777031649,0.05684981480706686,0.5688158567600612,0.08138870186932375,2821.0,2167.2
xgb_rich60_kl_full_smote,XGBoost (60 s rich features + KL-full relabeling + SMOTE),event_random,Event-group random 70/30 + 59 s purge,nurse station,0.7890927354857458,0.03720862010720957,0.8096314298060985,0.07945016952345899,0.7982460631658761,0.05211740604047349,3837.6,3963.8
xgb_rich60_symmetric_smote,XGBoost (60 s rich features + symmetric relabeling + SMOTE),event_random,Event-group random 70/30 + 59 s purge,501,0.0729876160990712,0.09243297710216358,0.03135135135135135,0.056208563812724585,0.0349562980478535,0.05433713742480994,188.4,61.4
xgb_rich60_symmetric_smote,XGBoost (60 s rich features + symmetric relabeling + SMOTE),event_random,Event-group random 70/30 + 59 s purge,502,0.0,0.0,0.0,0.0,0.0,0.0,125.8,45.2
xgb_rich60_symmetric_smote,XGBoost (60 s rich features + symmetric relabeling + SMOTE),event_random,Event-group random 70/30 + 59 s purge,503,0.2088888888888889,0.4426630968173771,0.06819209039548021,0.09699998996351604,0.08210526315789474,0.14914550910785807,103.4,18.8
xgb_rich60_symmetric_smote,XGBoost (60 s rich features + symmetric relabeling + SMOTE),event_random,Event-group random 70/30 + 59 s purge,505,0.0,0.0,0.0,0.0,0.0,0.0,9.0,23.6
xgb_rich60_symmetric_smote,XGBoost (60 s rich features + symmetric relabeling + SMOTE),event_random,Event-group random 70/30 + 59 s purge,506,0.1674512200261284,0.23297255781750376,0.3281594571670908,0.41117188063887117,0.147309982907809,0.16591735772207314,40.6,98.2
xgb_rich60_symmetric_smote,XGBoost (60 s rich features + symmetric relabeling + SMOTE),event_random,Event-group random 70/30 + 59 s purge,508,0.09894736842105263,0.22125304198418974,0.06527777777777778,0.14596554853123625,0.07866108786610879,0.17589153965270313,55.6,59.6
xgb_rich60_symmetric_smote,XGBoost (60 s rich features + symmetric relabeling + SMOTE),event_random,Event-group random 70/30 + 59 s purge,510,0.0,0.0,0.0,0.0,0.0,0.0,0.0,52.6
xgb_rich60_symmetric_smote,XGBoost (60 s rich features + symmetric relabeling + SMOTE),event_random,Event-group random 70/30 + 59 s purge,511,0.09673202614379085,0.21629938605880317,0.11212121212121211,0.25071065202270365,0.10385964912280701,0.23223723555787287,65.0,51.2
xgb_rich60_symmetric_smote,XGBoost (60 s rich features + symmetric relabeling + SMOTE),event_random,Event-group random 70/30 + 59 s purge,512,0.5807734191765863,0.3291662896700567,0.306140350877193,0.17298587013107347,0.3994403518064915,0.22398460449074195,377.0,213.2
xgb_rich60_symmetric_smote,XGBoost (60 s rich features + symmetric relabeling + SMOTE),event_random,Event-group random 70/30 + 59 s purge,513,0.08986453499138614,0.13990219915570087,0.09122448979591836,0.131882362617048,0.09005872774287761,0.13535931073172247,210.0,342.2
xgb_rich60_symmetric_smote,XGBoost (60 s rich features + symmetric relabeling + SMOTE),event_random,Event-group random 70/30 + 59 s purge,515,0.12292315185396947,0.22083079852867624,0.01939799331103679,0.025072461289620485,0.03143144457142314,0.04347227478455294,299.0,61.0
xgb_rich60_symmetric_smote,XGBoost (60 s rich features + symmetric relabeling + SMOTE),event_random,Event-group random 70/30 + 59 s purge,516,0.0,0.0,0.0,0.0,0.0,0.0,14.0,32.4
xgb_rich60_symmetric_smote,XGBoost (60 s rich features + symmetric relabeling + SMOTE),event_random,Event-group random 70/30 + 59 s purge,517,0.3023529411764706,0.4452673082301762,0.08282828282828283,0.1478340717290966,0.12605117376284425,0.22009453175509572,69.8,66.0
xgb_rich60_symmetric_smote,XGBoost (60 s rich features + symmetric relabeling + SMOTE),event_random,Event-group random 70/30 + 59 s purge,518,0.040901225099797454,0.03962900826542207,0.038636363636363635,0.0355738087329512,0.03942920667778353,0.036826612615493234,61.6,804.2
xgb_rich60_symmetric_smote,XGBoost (60 s rich features + symmetric relabeling + SMOTE),event_random,Event-group random 70/30 + 59 s purge,520,0.738110544928572,0.15828082949709235,0.410929282465086,0.05935857787995543,0.5215298514261699,0.06128654238595949,549.4,305.2
xgb_rich60_symmetric_smote,XGBoost (60 s rich features + symmetric relabeling + SMOTE),event_random,Event-group random 70/30 + 59 s purge,521,0.0,0.0,0.0,0.0,0.0,0.0,0.0,76.6
xgb_rich60_symmetric_smote,XGBoost (60 s rich features + symmetric relabeling + SMOTE),event_random,Event-group random 70/30 + 59 s purge,522,0.4693577040208325,0.4416296258186526,0.2493537544126127,0.324124831561526,0.2946853199034405,0.37234234920613674,279.8,566.0
xgb_rich60_symmetric_smote,XGBoost (60 s rich features + symmetric relabeling + SMOTE),event_random,Event-group random 70/30 + 59 s purge,523,0.5182683720480904,0.1695529483746947,0.6276547964421171,0.36606878576207075,0.5278505369233943,0.23078861135179382,2148.8,2582.2
xgb_rich60_symmetric_smote,XGBoost (60 s rich features + symmetric relabeling + SMOTE),event_random,Event-group random 70/30 + 59 s purge,cafeteria,0.3997837669495793,0.16724996142319165,0.4125444896232091,0.05823082049271037,0.38498854564714324,0.07506023722962447,1879.0,1965.6
xgb_rich60_symmetric_smote,XGBoost (60 s rich features + symmetric relabeling + SMOTE),event_random,Event-group random 70/30 + 59 s purge,cleaning,0.2873303012938791,0.1587446500300244,0.2379831485123866,0.1636717137918662,0.2239414294536024,0.12120715248186632,513.8,347.6
xgb_rich60_symmetric_smote,XGBoost (60 s rich features + symmetric relabeling + SMOTE),event_random,Event-group random 70/30 + 59 s purge,hallway,0.2404153039690001,0.22334845495257338,0.08872202212503215,0.07143229920278091,0.11480293286358793,0.09828431198131653,461.0,200.4
xgb_rich60_symmetric_smote,XGBoost (60 s rich features + symmetric relabeling + SMOTE),event_random,Event-group random 70/30 + 59 s purge,kitchen,0.6611849654034782,0.17616420351657872,0.4970340091945295,0.05690554790330678,0.5577730833636465,0.08284552816591036,2821.0,2162.4
xgb_rich60_symmetric_smote,XGBoost (60 s rich features + symmetric relabeling + SMOTE),event_random,Event-group random 70/30 + 59 s purge,nurse station,0.7818294688910926,0.03434623233188956,0.8051986298655176,0.07444022080370803,0.7924279702062529,0.04819457975235747,3837.6,3974.0
xgb_full60_kl,XGBoost (60 s full-statistics + KL-partial relabeling),event_random,Event-group random 70/30 + 59 s purge,501,0.16478513373725434,0.21888297945094998,0.09801801801801802,0.13365465300157595,0.12132919444986563,0.1625344278633946,188.4,102.6
xgb_full60_kl,XGBoost (60 s full-statistics + KL-partial relabeling),event_random,Event-group random 70/30 + 59 s purge,502,0.09586776859504133,0.21436684742973192,0.041726618705035974,0.09330355589567468,0.0581453634085213,0.1300169851578825,125.8,49.8
xgb_full60_kl,XGBoost (60 s full-statistics + KL-partial relabeling),event_random,Event-group random 70/30 + 59 s purge,503,0.17333333333333334,0.38758511609996354,0.05508474576271186,0.12317323604871722,0.08360128617363344,0.18693815889065765,103.4,42.2
xgb_full60_kl,XGBoost (60 s full-statistics + KL-partial relabeling),event_random,Event-group random 70/30 + 59 s purge,505,0.0,0.0,0.0,0.0,0.0,0.0,9.0,46.4
xgb_full60_kl,XGBoost (60 s full-statistics + KL-partial relabeling),event_random,Event-group random 70/30 + 59 s purge,506,0.1950387596899225,0.4131170599067369,0.3555555555555555,0.4931631338038255,0.18576839826839828,0.37210022827878253,40.6,103.8
xgb_full60_kl,XGBoost (60 s full-statistics + KL-partial relabeling),event_random,Event-group random 70/30 + 59 s purge,508,0.16822429906542055,0.37616096817753464,0.125,0.2795084971874737,0.14342629482071714,0.32071094498004954,55.6,878.4
xgb_full60_kl,XGBoost (60 s full-statistics + KL-partial relabeling),event_random,Event-group random 70/30 + 59 s purge,510,0.0,0.0,0.0,0.0,0.0,0.0,0.0,518.6
xgb_full60_kl,XGBoost (60 s full-statistics + KL-partial relabeling),event_random,Event-group random 70/30 + 59 s purge,511,0.024580645161290323,0.0480766384366824,0.04509803921568627,0.0725755118561637,0.030738828329189775,0.05763629670513281,65.0,104.8
xgb_full60_kl,XGBoost (60 s full-statistics + KL-partial relabeling),event_random,Event-group random 70/30 + 59 s purge,512,0.5609004145974253,0.33548108404578847,0.3719298245614035,0.2407321457336665,0.4402151302939684,0.26915448978996875,377.0,279.4
xgb_full60_kl,XGBoost (60 s full-statistics + KL-partial relabeling),event_random,Event-group random 70/30 + 59 s purge,513,0.14987640695719207,0.20618924172225025,0.1629984301412873,0.1271925236139385,0.1319944022045193,0.15689717957877186,210.0,283.8
xgb_full60_kl,XGBoost (60 s full-statistics + KL-partial relabeling),event_random,Event-group random 70/30 + 59 s purge,515,0.16420563303254032,0.22989423040302934,0.10969899665551838,0.16321961157765777,0.1238046022909669,0.17233373002835442,299.0,108.6
xgb_full60_kl,XGBoost (60 s full-statistics + KL-partial relabeling),event_random,Event-group random 70/30 + 59 s purge,516,0.0,0.0,0.0,0.0,0.0,0.0,14.0,17.6
xgb_full60_kl,XGBoost (60 s full-statistics + KL-partial relabeling),event_random,Event-group random 70/30 + 59 s purge,517,0.5559322033898305,0.5154047505409771,0.17777777777777776,0.20769799050464446,0.2508628675730758,0.272367062577027,69.8,551.8
xgb_full60_kl,XGBoost (60 s full-statistics + KL-partial relabeling),event_random,Event-group random 70/30 + 59 s purge,518,0.03129515282121236,0.02955570925473024,0.03636363636363636,0.04502639262763398,0.028279317355988275,0.03129052173780669,61.6,809.0
xgb_full60_kl,XGBoost (60 s full-statistics + KL-partial relabeling),event_random,Event-group random 70/30 + 59 s purge,520,0.7166296467713262,0.23208264455863398,0.3278502324942402,0.14274650151055984,0.4383863298676993,0.1674170561630254,549.4,233.8
xgb_full60_kl,XGBoost (60 s full-statistics + KL-partial relabeling),event_random,Event-group random 70/30 + 59 s purge,521,0.0,0.0,0.0,0.0,0.0,0.0,0.0,48.6
xgb_full60_kl,XGBoost (60 s full-statistics + KL-partial relabeling),event_random,Event-group random 70/30 + 59 s purge,522,0.3681676440939989,0.35186690312300484,0.19339724256263496,0.1551563563027291,0.19248249113975216,0.19541761308648106,279.8,194.0
xgb_full60_kl,XGBoost (60 s full-statistics + KL-partial relabeling),event_random,Event-group random 70/30 + 59 s purge,523,0.502429006913888,0.29834726498357916,0.3146637126736106,0.24265493790050363,0.3093309595519669,0.14642452510054232,2148.8,1202.4
xgb_full60_kl,XGBoost (60 s full-statistics + KL-partial relabeling),event_random,Event-group random 70/30 + 59 s purge,cafeteria,0.4092303976784512,0.17061734847514237,0.3894836384075584,0.08385432846942335,0.37458805651089033,0.07202623342515421,1879.0,1812.8
xgb_full60_kl,XGBoost (60 s full-statistics + KL-partial relabeling),event_random,Event-group random 70/30 + 59 s purge,cleaning,0.3298217005122984,0.08859522062624228,0.26217150217372287,0.18499045933111788,0.2528609257556805,0.1215559967839502,513.8,341.4
xgb_full60_kl,XGBoost (60 s full-statistics + KL-partial relabeling),event_random,Event-group random 70/30 + 59 s purge,hallway,0.29162168660135485,0.18495406518955665,0.14085176500387733,0.09833928371996013,0.15723904871047484,0.10775955996221649,461.0,202.6
xgb_full60_kl,XGBoost (60 s full-statistics + KL-partial relabeling),event_random,Event-group random 70/30 + 59 s purge,kitchen,0.6653343681410344,0.17966249647132884,0.5051242037764035,0.06253866842779908,0.5630792785676607,0.08033988419573602,2821.0,2192.2
xgb_full60_kl,XGBoost (60 s full-statistics + KL-partial relabeling),event_random,Event-group random 70/30 + 59 s purge,nurse station,0.7896533256926117,0.03038327301969775,0.8147217883189715,0.07411364882217403,0.8010239542256006,0.045595779533178234,3837.6,3985.0
rf_paper60_kl,Random Forest (60 s paper-statistics + KL-partial relabeling),event_random,Event-group random 70/30 + 59 s purge,501,0.2131764705882353,0.16485423990672765,0.0873873873873874,0.08127104873040657,0.11425790505244657,0.10152318580280835,188.4,82.6
rf_paper60_kl,Random Forest (60 s paper-statistics + KL-partial relabeling),event_random,Event-group random 70/30 + 59 s purge,502,0.023333333333333334,0.0521749194749951,0.06086956521739131,0.13610848558694372,0.033734939759036145,0.0754336185180652,125.8,32.0
rf_paper60_kl,Random Forest (60 s paper-statistics + KL-partial relabeling),event_random,Event-group random 70/30 + 59 s purge,503,0.2,0.44721359549995804,0.05932203389830508,0.132648100360157,0.0915032679738562,0.2046075273529219,103.4,39.6
rf_paper60_kl,Random Forest (60 s paper-statistics + KL-partial relabeling),event_random,Event-group random 70/30 + 59 s purge,505,0.01,0.022360679774997897,0.05,0.11180339887498951,0.016666666666666666,0.037267799624996496,9.0,42.0
rf_paper60_kl,Random Forest (60 s paper-statistics + KL-partial relabeling),event_random,Event-group random 70/30 + 59 s purge,506,0.2094890510948905,0.44238635253131625,0.22383375742154366,0.3273620926584079,0.13146942136387454,0.24722408612764382,40.6,77.8
rf_paper60_kl,Random Forest (60 s paper-statistics + KL-partial relabeling),event_random,Event-group random 70/30 + 59 s purge,508,0.2,0.44721359549995804,0.13472222222222224,0.3012480469687217,0.16099585062240665,0.3599976660871031,55.6,874.4
rf_paper60_kl,Random Forest (60 s paper-statistics + KL-partial relabeling),event_random,Event-group random 70/30 + 59 s purge,510,0.0,0.0,0.0,0.0,0.0,0.0,0.0,471.4
rf_paper60_kl,Random Forest (60 s paper-statistics + KL-partial relabeling),event_random,Event-group random 70/30 + 59 s purge,511,0.16,0.35777087639996635,0.05454545454545454,0.12196734422726124,0.08135593220338984,0.18191739477964394,65.0,31.2
rf_paper60_kl,Random Forest (60 s paper-statistics + KL-partial relabeling),event_random,Event-group random 70/30 + 59 s purge,512,0.7284447328574519,0.415989127062846,0.39473684210526316,0.23949235998123478,0.5028386241113106,0.28748666506438997,377.0,248.4
rf_paper60_kl,Random Forest (60 s paper-statistics + KL-partial relabeling),event_random,Event-group random 70/30 + 59 s purge,513,0.13738864458532427,0.17158909162327515,0.15299843014128728,0.1749500955642355,0.144342539277546,0.17299515622316977,210.0,369.4
rf_paper60_kl,Random Forest (60 s paper-statistics + KL-partial relabeling),event_random,Event-group random 70/30 + 59 s purge,515,0.021052631578947368,0.047075115315785045,0.0026755852842809363,0.005982790575250273,0.004747774480712166,0.010616346480711168,299.0,53.4
rf_paper60_kl,Random Forest (60 s paper-statistics + KL-partial relabeling),event_random,Event-group random 70/30 + 59 s purge,516,0.0,0.0,0.0,0.0,0.0,0.0,14.0,17.6
rf_paper60_kl,Random Forest (60 s paper-statistics + KL-partial relabeling),event_random,Event-group random 70/30 + 59 s purge,517,0.5777777777777777,0.529383522203182,0.1919191919191919,0.22130204343643076,0.2728083588175331,0.30033821428338286,69.8,551.0
rf_paper60_kl,Random Forest (60 s paper-statistics + KL-partial relabeling),event_random,Event-group random 70/30 + 59 s purge,518,0.06744206893460625,0.06186862279068704,0.05454545454545455,0.05043713868448216,0.060286738351254476,0.055523403807728355,61.6,787.6
rf_paper60_kl,Random Forest (60 s paper-statistics + KL-partial relabeling),event_random,Event-group random 70/30 + 59 s purge,520,0.7814890701806527,0.2058152000787195,0.4799506728722086,0.10858860950842732,0.5824998052488077,0.11054985393530058,549.4,339.8
rf_paper60_kl,Random Forest (60 s paper-statistics + KL-partial relabeling),event_random,Event-group random 70/30 + 59 s purge,521,0.0,0.0,0.0,0.0,0.0,0.0,0.0,12.4
rf_paper60_kl,Random Forest (60 s paper-statistics + KL-partial relabeling),event_random,Event-group random 70/30 + 59 s purge,522,0.5326993496201563,0.498567116895125,0.24397564097154834,0.23810604598604182,0.33360703580366247,0.32006481844529283,279.8,144.0
rf_paper60_kl,Random Forest (60 s paper-statistics + KL-partial relabeling),event_random,Event-group random 70/30 + 59 s purge,523,0.5137641055575439,0.2457525449399596,0.4055563791222222,0.32102363942215056,0.3602076772557016,0.0968764603378429,2148.8,1426.6
rf_paper60_kl,Random Forest (60 s paper-statistics + KL-partial relabeling),event_random,Event-group random 70/30 + 59 s purge,cafeteria,0.4181301659733176,0.18765901427716872,0.3102487744091629,0.04996593059393912,0.3330543802195927,0.04865393617390605,1879.0,1445.0
rf_paper60_kl,Random Forest (60 s paper-statistics + KL-partial relabeling),event_random,Event-group random 70/30 + 59 s purge,cleaning,0.37299561005237525,0.27361971235881344,0.13568618776897284,0.09584325422794188,0.1626158762198526,0.08591434202065105,513.8,179.4
rf_paper60_kl,Random Forest (60 s paper-statistics + KL-partial relabeling),event_random,Event-group random 70/30 + 59 s purge,hallway,0.21909353905496626,0.3820846493053021,0.007922240802675586,0.010855587391493119,0.015023758426267792,0.02063527322263008,461.0,35.2
rf_paper60_kl,Random Forest (60 s paper-statistics + KL-partial relabeling),event_random,Event-group random 70/30 + 59 s purge,kitchen,0.6784956436104279,0.178622568367108,0.5276569669907071,0.056292042793107386,0.5824375187840249,0.08099052507746035,2821.0,2252.6
rf_paper60_kl,Random Forest (60 s paper-statistics + KL-partial relabeling),event_random,Event-group random 70/30 + 59 s purge,nurse station,0.7165111770009902,0.039694670836601206,0.8547706391614108,0.08235512836057893,0.7789003182442749,0.05361511354689774,3837.6,4596.2
lgbm_basic60_kl_full_smote,LightGBM (60 s RSSI summary + KL-full relabeling + SMOTE),event_random,Event-group random 70/30 + 59 s purge,501,0.2661375661375661,0.3739790184788749,0.11747747747747747,0.13132249216451708,0.1547009911909305,0.18811896570900377,188.4,85.2
lgbm_basic60_kl_full_smote,LightGBM (60 s RSSI summary + KL-full relabeling + SMOTE),event_random,Event-group random 70/30 + 59 s purge,502,0.0025,0.005590169943749474,0.0007194244604316547,0.0016086819982012873,0.00111731843575419,0.0024983999748601007,125.8,48.4
lgbm_basic60_kl_full_smote,LightGBM (60 s RSSI summary + KL-full relabeling + SMOTE),event_random,Event-group random 70/30 + 59 s purge,503,0.19666666666666666,0.4397600355749587,0.05,0.11180339887498951,0.07972972972972972,0.1782810955033616,103.4,42.6
lgbm_basic60_kl_full_smote,LightGBM (60 s RSSI summary + KL-full relabeling + SMOTE),event_random,Event-group random 70/30 + 59 s purge,505,0.2,0.44721359549995804,0.2,0.44721359549995804,0.2,0.44721359549995804,9.0,37.8
lgbm_basic60_kl_full_smote,LightGBM (60 s RSSI summary + KL-full relabeling + SMOTE),event_random,Event-group random 70/30 + 59 s purge,506,0.10190769230769232,0.20211127054291994,0.22748091603053436,0.43593066617768383,0.06067355186349349,0.09331266068628592,40.6,99.0
lgbm_basic60_kl_full_smote,LightGBM (60 s RSSI summary + KL-full relabeling + SMOTE),event_random,Event-group random 70/30 + 59 s purge,508,0.05074626865671642,0.11347210632088486,0.02361111111111111,0.05279604946874504,0.03222748815165877,0.07206285425117806,55.6,24.8
lgbm_basic60_kl_full_smote,LightGBM (60 s RSSI summary + KL-full relabeling + SMOTE),event_random,Event-group random 70/30 + 59 s purge,510,0.0,0.0,0.0,0.0,0.0,0.0,0.0,35.8
lgbm_basic60_kl_full_smote,LightGBM (60 s RSSI summary + KL-full relabeling + SMOTE),event_random,Event-group random 70/30 + 59 s purge,511,0.11965811965811965,0.2675636896153594,0.10606060606060605,0.23715872488634135,0.11244979919678715,0.2514453950602173,65.0,73.6
lgbm_basic60_kl_full_smote,LightGBM (60 s RSSI summary + KL-full relabeling + SMOTE),event_random,Event-group random 70/30 + 59 s purge,512,0.6489509763717225,0.3834894210793433,0.3605263157894737,0.2037031644927902,0.4595995754802236,0.25982163302580635,377.0,253.6
lgbm_basic60_kl_full_smote,LightGBM (60 s RSSI summary + KL-full relabeling + SMOTE),event_random,Event-group random 70/30 + 59 s purge,513,0.09481895571988433,0.13612607690675635,0.11091051805337519,0.14808944126605544,0.1011100566486018,0.13982577741070787,210.0,331.6
lgbm_basic60_kl_full_smote,LightGBM (60 s RSSI summary + KL-full relabeling + SMOTE),event_random,Event-group random 70/30 + 59 s purge,515,0.17127136110424102,0.18835448937637037,0.04414715719063545,0.05279622009544112,0.06958569744341077,0.08133367547290891,299.0,48.0
lgbm_basic60_kl_full_smote,LightGBM (60 s RSSI summary + KL-full relabeling + SMOTE),event_random,Event-group random 70/30 + 59 s purge,516,0.0,0.0,0.0,0.0,0.0,0.0,14.0,23.8
lgbm_basic60_kl_full_smote,LightGBM (60 s RSSI summary + KL-full relabeling + SMOTE),event_random,Event-group random 70/30 + 59 s purge,517,0.34072783584978705,0.39956075459831075,0.11717171717171718,0.16202599551343666,0.1705406177746603,0.2271296252326835,69.8,24.8
lgbm_basic60_kl_full_smote,LightGBM (60 s RSSI summary + KL-full relabeling + SMOTE),event_random,Event-group random 70/30 + 59 s purge,518,0.03208199891232098,0.029578153150465296,0.031818181818181815,0.029414043421692692,0.03166820906046184,0.028932002988038826,61.6,69.0
lgbm_basic60_kl_full_smote,LightGBM (60 s RSSI summary + KL-full relabeling + SMOTE),event_random,Event-group random 70/30 + 59 s purge,520,0.7280723257458035,0.13573231458369814,0.46214171534856086,0.07625011439634256,0.5602040863584904,0.076489387478221,549.4,343.8
lgbm_basic60_kl_full_smote,LightGBM (60 s RSSI summary + KL-full relabeling + SMOTE),event_random,Event-group random 70/30 + 59 s purge,521,0.0,0.0,0.0,0.0,0.0,0.0,0.0,36.6
lgbm_basic60_kl_full_smote,LightGBM (60 s RSSI summary + KL-full relabeling + SMOTE),event_random,Event-group random 70/30 + 59 s purge,522,0.5630071919211994,0.5159543138309644,0.35545616921930157,0.3548723951202273,0.4261695075071558,0.40610881785304564,279.8,195.2
lgbm_basic60_kl_full_smote,LightGBM (60 s RSSI summary + KL-full relabeling + SMOTE),event_random,Event-group random 70/30 + 59 s purge,523,0.4849709517413837,0.18033614234173664,0.8934455717104506,0.05639779769565926,0.6137318898197452,0.16677659887056287,2148.8,3723.4
lgbm_basic60_kl_full_smote,LightGBM (60 s RSSI summary + KL-full relabeling + SMOTE),event_random,Event-group random 70/30 + 59 s purge,cafeteria,0.4229207866025605,0.18337429903865643,0.4020710462134896,0.05202056447187012,0.38943597472468877,0.0786787677341696,1879.0,1842.2
lgbm_basic60_kl_full_smote,LightGBM (60 s RSSI summary + KL-full relabeling + SMOTE),event_random,Event-group random 70/30 + 59 s purge,cleaning,0.4137183353699939,0.2057683337821688,0.26996805787371636,0.148360722405788,0.27107263523961117,0.07856990882107759,513.8,332.2
lgbm_basic60_kl_full_smote,LightGBM (60 s RSSI summary + KL-full relabeling + SMOTE),event_random,Event-group random 70/30 + 59 s purge,hallway,0.18569918308031547,0.17661149963635586,0.10067211216876767,0.08523704721959598,0.1099340584513725,0.09186380543624172,461.0,231.6
lgbm_basic60_kl_full_smote,LightGBM (60 s RSSI summary + KL-full relabeling + SMOTE),event_random,Event-group random 70/30 + 59 s purge,kitchen,0.6560033669869756,0.164906105998051,0.5114326524257928,0.05660956241993372,0.564330364186226,0.07242606770183609,2821.0,2244.0
lgbm_basic60_kl_full_smote,LightGBM (60 s RSSI summary + KL-full relabeling + SMOTE),event_random,Event-group random 70/30 + 59 s purge,nurse station,0.7906500866332686,0.029876451958784647,0.8115722063992518,0.08143351289862398,0.8000507607956029,0.05218337192311312,3837.6,3962.6
rf_basic10_symmetric_smote,Random Forest (10 s RSSI summary + symmetric relabeling + SMOTE),event_random,Event-group random 70/30 + 59 s purge,501,0.05970350404312667,0.08187761349959398,0.036936936936936934,0.0643687231635901,0.041925537910685276,0.06642688553000826,188.4,58.0
rf_basic10_symmetric_smote,Random Forest (10 s RSSI summary + symmetric relabeling + SMOTE),event_random,Event-group random 70/30 + 59 s purge,502,0.2334803127906576,0.2868066466942841,0.12006626582791738,0.1456022213213517,0.1451531629504333,0.18018089263729015,125.8,42.2
rf_basic10_symmetric_smote,Random Forest (10 s RSSI summary + symmetric relabeling + SMOTE),event_random,Event-group random 70/30 + 59 s purge,503,0.23576360553470072,0.30057419030488725,0.3791525423728813,0.25511308662502313,0.24940173979260308,0.2946185968832056,103.4,1246.0
rf_basic10_symmetric_smote,Random Forest (10 s RSSI summary + symmetric relabeling + SMOTE),event_random,Event-group random 70/30 + 59 s purge,505,0.02,0.044721359549995794,0.05,0.11180339887498951,0.02857142857142857,0.06388765649999399,9.0,15.2
rf_basic10_symmetric_smote,Random Forest (10 s RSSI summary + symmetric relabeling + SMOTE),event_random,Event-group random 70/30 + 59 s purge,506,0.16448177591120444,0.36286561290031166,0.0843935538592027,0.159478031767967,0.1041060666934512,0.22435105290805823,40.6,54.0
rf_basic10_symmetric_smote,Random Forest (10 s RSSI summary + symmetric relabeling + SMOTE),event_random,Event-group random 70/30 + 59 s purge,508,0.2478147378147378,0.36479822742481344,0.14469696969696969,0.17332745422206883,0.17550258939442395,0.24023957383906341,55.6,66.8
rf_basic10_symmetric_smote,Random Forest (10 s RSSI summary + symmetric relabeling + SMOTE),event_random,Event-group random 70/30 + 59 s purge,510,0.0,0.0,0.0,0.0,0.0,0.0,0.0,15.8
rf_basic10_symmetric_smote,Random Forest (10 s RSSI summary + symmetric relabeling + SMOTE),event_random,Event-group random 70/30 + 59 s purge,511,0.15431400282885432,0.27873296002271947,0.1855614973262032,0.26055185968133565,0.15655130540376444,0.2563414812807662,65.0,84.0
rf_basic10_symmetric_smote,Random Forest (10 s RSSI summary + symmetric relabeling + SMOTE),event_random,Event-group random 70/30 + 59 s purge,512,0.6152221672050906,0.32540912357239155,0.41436583261432275,0.14041131660142306,0.48378569820546613,0.21478532677377565,377.0,264.6
rf_basic10_symmetric_smote,Random Forest (10 s RSSI summary + symmetric relabeling + SMOTE),event_random,Event-group random 70/30 + 59 s purge,513,0.06280024860587521,0.03632447746179496,0.2466248037676609,0.35752776108785295,0.06657918719675048,0.048294668666621535,210.0,174.2
rf_basic10_symmetric_smote,Random Forest (10 s RSSI summary + symmetric relabeling + SMOTE),event_random,Event-group random 70/30 + 59 s purge,515,0.76687265917603,0.21139884150771074,0.18996655518394648,0.036514632947039945,0.29917831009985196,0.05158448893625453,299.0,80.8
rf_basic10_symmetric_smote,Random Forest (10 s RSSI summary + symmetric relabeling + SMOTE),event_random,Event-group random 70/30 + 59 s purge,516,0.1134453781512605,0.1628930418065557,0.20512820512820512,0.3082260328249053,0.13402597402597402,0.1836053170911976,14.0,25.2
rf_basic10_symmetric_smote,Random Forest (10 s RSSI summary + symmetric relabeling + SMOTE),event_random,Event-group random 70/30 + 59 s purge,517,0.4903624392122875,0.2598557214498788,0.2585081585081585,0.18064173547145895,0.25525952699646465,0.05986729414226051,69.8,47.2
rf_basic10_symmetric_smote,Random Forest (10 s RSSI summary + symmetric relabeling + SMOTE),event_random,Event-group random 70/30 + 59 s purge,518,0.12277227497570509,0.09966565444924916,0.07733100233100235,0.04361081256646302,0.08818924046822436,0.05395299926835823,61.6,49.8
rf_basic10_symmetric_smote,Random Forest (10 s RSSI summary + symmetric relabeling + SMOTE),event_random,Event-group random 70/30 + 59 s purge,520,0.8045460824406752,0.2618885533426768,0.4431990585996825,0.05804750102863319,0.5627313814550192,0.12453453520944507,549.4,318.2
rf_basic10_symmetric_smote,Random Forest (10 s RSSI summary + symmetric relabeling + SMOTE),event_random,Event-group random 70/30 + 59 s purge,521,0.0,0.0,0.0,0.0,0.0,0.0,0.0,78.6
rf_basic10_symmetric_smote,Random Forest (10 s RSSI summary + symmetric relabeling + SMOTE),event_random,Event-group random 70/30 + 59 s purge,522,0.6261088719544443,0.38124852772052464,0.4157405454059604,0.1783568687924519,0.40804292147304294,0.2141273829027851,279.8,135.4
rf_basic10_symmetric_smote,Random Forest (10 s RSSI summary + symmetric relabeling + SMOTE),event_random,Event-group random 70/30 + 59 s purge,523,0.4322832607826503,0.24726326997761872,0.746326335625976,0.38908847023281884,0.4046354269535408,0.21601009486871692,2148.8,3673.8
rf_basic10_symmetric_smote,Random Forest (10 s RSSI summary + symmetric relabeling + SMOTE),event_random,Event-group random 70/30 + 59 s purge,cafeteria,0.45777153244785945,0.18230685204589223,0.3654506859627429,0.03502167868346714,0.3895128452065368,0.07394409233377194,1879.0,1520.8
rf_basic10_symmetric_smote,Random Forest (10 s RSSI summary + symmetric relabeling + SMOTE),event_random,Event-group random 70/30 + 59 s purge,cleaning,0.42813492771653283,0.21213691871985932,0.2438072232650915,0.1605471214730892,0.28310916003794195,0.11510447859639597,513.8,260.2
rf_basic10_symmetric_smote,Random Forest (10 s RSSI summary + symmetric relabeling + SMOTE),event_random,Event-group random 70/30 + 59 s purge,hallway,0.34966299503405107,0.23737880488025775,0.12206491261143944,0.08746184864605255,0.13856594648174209,0.055708309512534054,461.0,151.6
rf_basic10_symmetric_smote,Random Forest (10 s RSSI summary + symmetric relabeling + SMOTE),event_random,Event-group random 70/30 + 59 s purge,kitchen,0.6412978520964857,0.1830590609394128,0.42216822185113,0.05338533366858553,0.4989621723926492,0.07310902156038192,2821.0,1913.4
rf_basic10_symmetric_smote,Random Forest (10 s RSSI summary + symmetric relabeling + SMOTE),event_random,Event-group random 70/30 + 59 s purge,nurse station,0.8248716138973006,0.02863817551154215,0.8223907625058153,0.06419078654119277,0.8230118661367836,0.04286518366215354,3837.6,3833.8
rf_lagstack10,Random Forest (10 s causal lag-stack features),event_random,Event-group random 70/30 + 59 s purge,501,0.13477185438374037,0.10464548657528921,0.023969594594594596,0.02173762183024149,0.03797045543688012,0.03381776330318815,188.4,39.6
rf_lagstack10,Random Forest (10 s causal lag-stack features),event_random,Event-group random 70/30 + 59 s purge,502,0.12068965517241378,0.13725589075940223,0.047402078337330136,0.06175260435643556,0.06687763203247918,0.08592993545090376,125.8,61.4
rf_lagstack10,Random Forest (10 s causal lag-stack features),event_random,Event-group random 70/30 + 59 s purge,503,0.22698412698412698,0.28580245553144834,0.3866666666666666,0.3540244812627134,0.26385658914728677,0.29488656688545073,103.4,24.8
rf_lagstack10,Random Forest (10 s causal lag-stack features),event_random,Event-group random 70/30 + 59 s purge,505,0.0,0.0,0.0,0.0,0.0,0.0,9.0,0.4
rf_lagstack10,Random Forest (10 s causal lag-stack features),event_random,Event-group random 70/30 + 59 s purge,506,0.1558982683982684,0.333528876170388,0.1539440203562341,0.25525072837880014,0.14322522816166883,0.2944761542107074,40.6,98.0
rf_lagstack10,Random Forest (10 s causal lag-stack features),event_random,Event-group random 70/30 + 59 s purge,508,0.11464750966333244,0.17537101207599234,0.05992424242424242,0.06049413591880793,0.06093053056999927,0.05685257148751351,55.6,36.0
rf_lagstack10,Random Forest (10 s causal lag-stack features),event_random,Event-group random 70/30 + 59 s purge,510,0.0,0.0,0.0,0.0,0.0,0.0,0.0,62.2
rf_lagstack10,Random Forest (10 s causal lag-stack features),event_random,Event-group random 70/30 + 59 s purge,511,0.19756838905775076,0.3079973870126055,0.17058823529411765,0.239304065962447,0.1799720540288775,0.2640605923886174,65.0,55.6
rf_lagstack10,Random Forest (10 s causal lag-stack features),event_random,Event-group random 70/30 + 59 s purge,512,0.5536778996187263,0.2864405680455732,0.46757981018119066,0.1057342473179797,0.48789623974003754,0.2110808135370088,377.0,330.6
rf_lagstack10,Random Forest (10 s causal lag-stack features),event_random,Event-group random 70/30 + 59 s purge,513,0.08731256110368214,0.0708444522204674,0.31089481946624803,0.42592992704036214,0.09420295264829988,0.09275860438618296,210.0,176.4
rf_lagstack10,Random Forest (10 s causal lag-stack features),event_random,Event-group random 70/30 + 59 s purge,515,0.6771778490756002,0.25411532760074196,0.2020066889632107,0.03961481637414325,0.29924779939588964,0.05024670780309638,299.0,106.8
rf_lagstack10,Random Forest (10 s causal lag-stack features),event_random,Event-group random 70/30 + 59 s purge,516,0.14750000000000002,0.20774082410542227,0.12393162393162394,0.1786713244475801,0.13452685421994884,0.1917783424526311,14.0,5.2
rf_lagstack10,Random Forest (10 s causal lag-stack features),event_random,Event-group random 70/30 + 59 s purge,517,0.5466666666666666,0.38620486145482147,0.11639471639471637,0.07954947464019799,0.18849081739461415,0.12583221675681522,69.8,15.2
rf_lagstack10,Random Forest (10 s causal lag-stack features),event_random,Event-group random 70/30 + 59 s purge,518,0.0,0.0,0.0,0.0,0.0,0.0,61.6,3.2
rf_lagstack10,Random Forest (10 s causal lag-stack features),event_random,Event-group random 70/30 + 59 s purge,520,0.6920972628467119,0.2168345053200092,0.47309479187960585,0.081121602164845,0.5530163171748838,0.1244950876969495,549.4,386.4
rf_lagstack10,Random Forest (10 s causal lag-stack features),event_random,Event-group random 70/30 + 59 s purge,521,0.0,0.0,0.0,0.0,0.0,0.0,0.0,1504.0
rf_lagstack10,Random Forest (10 s causal lag-stack features),event_random,Event-group random 70/30 + 59 s purge,522,0.5624380853767071,0.3792575860115201,0.33846450050364046,0.2111399162332798,0.33484224271183044,0.2744051387207353,279.8,128.8
rf_lagstack10,Random Forest (10 s causal lag-stack features),event_random,Event-group random 70/30 + 59 s purge,523,0.4645686416053806,0.05738870965890955,0.5542718395741264,0.4569996036401648,0.4003484089919995,0.280944587728684,2148.8,3420.8
rf_lagstack10,Random Forest (10 s causal lag-stack features),event_random,Event-group random 70/30 + 59 s purge,cafeteria,0.404917075234004,0.19057321859172455,0.29567088484967974,0.06578273496875213,0.3177970766198867,0.05726091130987916,1879.0,1427.2
rf_lagstack10,Random Forest (10 s causal lag-stack features),event_random,Event-group random 70/30 + 59 s purge,cleaning,0.3675665789691653,0.20686146627834817,0.2188658423897098,0.11750170179683482,0.2473564642118037,0.0722394082437731,513.8,291.8
rf_lagstack10,Random Forest (10 s causal lag-stack features),event_random,Event-group random 70/30 + 59 s purge,hallway,0.3959654150196262,0.2672414478821394,0.12424542158006435,0.08328063419271373,0.1515339384476608,0.03749454563784363,461.0,135.2
rf_lagstack10,Random Forest (10 s causal lag-stack features),event_random,Event-group random 70/30 + 59 s purge,kitchen,0.625048953449009,0.1833568486660694,0.3854299054128618,0.08276187308471007,0.45980958966648966,0.06508408386109096,2821.0,1825.8
rf_lagstack10,Random Forest (10 s causal lag-stack features),event_random,Event-group random 70/30 + 59 s purge,nurse station,0.7895722908840397,0.04322642645829998,0.818547844209494,0.06901400117351943,0.8027023803494909,0.045777131201021136,3837.6,3974.2
tcn10,Causal TCN (10 s RSSI + availability sequence),event_random,Event-group random 70/30 + 59 s purge,501,0.10817703005168285,0.11964496581288557,0.1429391891891892,0.19694585565647976,0.05507413041244895,0.055685529648576204,188.4,843.4
tcn10,Causal TCN (10 s RSSI + availability sequence),event_random,Event-group random 70/30 + 59 s purge,502,0.2617351600803185,0.3135019710035558,0.19199133446865696,0.1786251953654632,0.17920388314665633,0.2215138187165759,125.8,92.2
tcn10,Causal TCN (10 s RSSI + availability sequence),event_random,Event-group random 70/30 + 59 s purge,503,0.27842105263157896,0.3502887609765435,0.4,0.37416573867739417,0.305442792501616,0.35104345479172877,103.4,22.0
tcn10,Causal TCN (10 s RSSI + availability sequence),event_random,Event-group random 70/30 + 59 s purge,505,0.0,0.0,0.0,0.0,0.0,0.0,9.0,7.4
tcn10,Causal TCN (10 s RSSI + availability sequence),event_random,Event-group random 70/30 + 59 s purge,506,0.1811328248544851,0.32586400399580884,0.30865139949109416,0.32627110084624966,0.19415443127587056,0.3057971524780939,40.6,93.8
tcn10,Causal TCN (10 s RSSI + availability sequence),event_random,Event-group random 70/30 + 59 s purge,508,0.11000985221674878,0.11198390319148921,0.2309090909090909,0.27958055951048943,0.14710526315789474,0.15751709224408147,55.6,43.4
tcn10,Causal TCN (10 s RSSI + availability sequence),event_random,Event-group random 70/30 + 59 s purge,510,0.0,0.0,0.0,0.0,0.0,0.0,0.0,74.4
tcn10,Causal TCN (10 s RSSI + availability sequence),event_random,Event-group random 70/30 + 59 s purge,511,0.08261453113815319,0.15575915616080005,0.13663101604278075,0.21025973623504884,0.09920948616600792,0.1772739390372833,65.0,200.8
tcn10,Causal TCN (10 s RSSI + availability sequence),event_random,Event-group random 70/30 + 59 s purge,512,0.5489825123510234,0.2766031699398659,0.47367702041990223,0.0735216349594178,0.4832008249627595,0.20699612350487684,377.0,338.4
tcn10,Causal TCN (10 s RSSI + availability sequence),event_random,Event-group random 70/30 + 59 s purge,513,0.04852538373132671,0.04124715311748742,0.42021978021978024,0.453824767343269,0.08212076165295724,0.08087581816483129,210.0,1055.8
tcn10,Causal TCN (10 s RSSI + availability sequence),event_random,Event-group random 70/30 + 59 s purge,515,0.6984229079481278,0.29882873706411356,0.19531772575250836,0.027436982343804265,0.29951633369652153,0.06628026391297383,299.0,98.0
tcn10,Causal TCN (10 s RSSI + availability sequence),event_random,Event-group random 70/30 + 59 s purge,516,0.12291666666666665,0.19933700874537963,0.28034188034188035,0.3973853473964166,0.16769940672379696,0.2609672760163567,14.0,17.6
tcn10,Causal TCN (10 s RSSI + availability sequence),event_random,Event-group random 70/30 + 59 s purge,517,0.5075494714014639,0.3885914621412562,0.1783216783216783,0.13458328605942738,0.240285461664772,0.16025558471891108,69.8,25.2
tcn10,Causal TCN (10 s RSSI + availability sequence),event_random,Event-group random 70/30 + 59 s purge,518,0.0,0.0,0.0,0.0,0.0,0.0,61.6,13.0
tcn10,Causal TCN (10 s RSSI + availability sequence),event_random,Event-group random 70/30 + 59 s purge,520,0.6843851444256928,0.19797940952874593,0.45278856669466006,0.043346170466576676,0.537624635290028,0.09249646763277627,549.4,373.2
tcn10,Causal TCN (10 s RSSI + availability sequence),event_random,Event-group random 70/30 + 59 s purge,521,0.0,0.0,0.0,0.0,0.0,0.0,0.0,0.0
tcn10,Causal TCN (10 s RSSI + availability sequence),event_random,Event-group random 70/30 + 59 s purge,522,0.3994229197340534,0.35959528597098467,0.32533677467413713,0.2666661455787455,0.3220937153009259,0.3237980647274866,279.8,176.0
tcn10,Causal TCN (10 s RSSI + availability sequence),event_random,Event-group random 70/30 + 59 s purge,523,0.5411389889396674,0.2034301046840657,0.5754573826988134,0.4578709778898374,0.40362657130051344,0.25781200621512856,2148.8,3149.8
tcn10,Causal TCN (10 s RSSI + availability sequence),event_random,Event-group random 70/30 + 59 s purge,cafeteria,0.42153501344360456,0.16516593835969845,0.4593225397196111,0.11268536873859782,0.4159786557930304,0.11963969528452983,1879.0,2161.2
tcn10,Causal TCN (10 s RSSI + availability sequence),event_random,Event-group random 70/30 + 59 s purge,cleaning,0.22831012507696835,0.14822761921690253,0.19529005181644649,0.05649210758735898,0.1887579793568019,0.03712424009175062,513.8,464.0
tcn10,Causal TCN (10 s RSSI + availability sequence),event_random,Event-group random 70/30 + 59 s purge,hallway,0.15633386119116674,0.11233727509498855,0.1279869305199682,0.09688762040779371,0.11861048291661944,0.08736421276652441,461.0,332.0
tcn10,Causal TCN (10 s RSSI + availability sequence),event_random,Event-group random 70/30 + 59 s purge,kitchen,0.613000717096509,0.1623418060942436,0.314112637853862,0.15769733561581306,0.39571868284884504,0.142931640939865,2821.0,1485.6
tcn10,Causal TCN (10 s RSSI + availability sequence),event_random,Event-group random 70/30 + 59 s purge,nurse station,0.8834115766401773,0.02824727564255397,0.6924524733626485,0.08174071046748775,0.7749255136324118,0.06099711462434291,3837.6,3042.4
rf_topology10,Topology-Augmented Random Forest (10 s RSSI summary + floor-plan graph features),event_random,Event-group random 70/30 + 59 s purge,501,0.04709287029729019,0.08133993440646979,0.03153153153153153,0.06801652644388062,0.035392988798006716,0.07462531512551965,188.4,43.4
rf_topology10,Topology-Augmented Random Forest (10 s RSSI summary + floor-plan graph features),event_random,Event-group random 70/30 + 59 s purge,502,0.24674632352941175,0.20597149215920166,0.15141973377819481,0.14949419180578927,0.16931400672326263,0.15272309278509053,125.8,60.8
rf_topology10,Topology-Augmented Random Forest (10 s RSSI summary + floor-plan graph features),event_random,Event-group random 70/30 + 59 s purge,503,0.2012820512820513,0.2534119570715848,0.2666666666666667,0.2449489742783178,0.20653850331269688,0.22938159888350376,103.4,21.6
rf_topology10,Topology-Augmented Random Forest (10 s RSSI summary + floor-plan graph features),event_random,Event-group random 70/30 + 59 s purge,505,0.0,0.0,0.0,0.0,0.0,0.0,9.0,0.2
rf_topology10,Topology-Augmented Random Forest (10 s RSSI summary + floor-plan graph features),event_random,Event-group random 70/30 + 59 s purge,506,0.15272727272727274,0.34150856383633155,0.06412213740458014,0.14338145809922315,0.09032258064516129,0.20196743022578742,40.6,51.6
rf_topology10,Topology-Augmented Random Forest (10 s RSSI summary + floor-plan graph features),event_random,Event-group random 70/30 + 59 s purge,508,0.0038461538461538464,0.008600261451922268,0.008888888888888889,0.01987615979999813,0.005369127516778523,0.01200573410738142,55.6,35.0
rf_topology10,Topology-Augmented Random Forest (10 s RSSI summary + floor-plan graph features),event_random,Event-group random 70/30 + 59 s purge,510,0.0,0.0,0.0,0.0,0.0,0.0,0.0,49.8
rf_topology10,Topology-Augmented Random Forest (10 s RSSI summary + floor-plan graph features),event_random,Event-group random 70/30 + 59 s purge,511,0.17873062015503877,0.3392476491866483,0.16622103386809267,0.2367262498406824,0.1567819336626676,0.2662547317029179,65.0,76.4
rf_topology10,Topology-Augmented Random Forest (10 s RSSI summary + floor-plan graph features),event_random,Event-group random 70/30 + 59 s purge,512,0.6310930630900528,0.3472576640486381,0.3709663503019845,0.13428232949573043,0.4546461672248688,0.2212763326546085,377.0,244.4
rf_topology10,Topology-Augmented Random Forest (10 s RSSI summary + floor-plan graph features),event_random,Event-group random 70/30 + 59 s purge,513,0.09218515900364242,0.08586881896376981,0.3533594976452119,0.43371662201750993,0.09602294197848166,0.07143902067654763,210.0,214.6
rf_topology10,Topology-Augmented Random Forest (10 s RSSI summary + floor-plan graph features),event_random,Event-group random 70/30 + 59 s purge,515,0.6920747323784245,0.22864697454779628,0.19264214046822742,0.008054578313573448,0.2965241609547673,0.025655011222855694,299.0,91.4
rf_topology10,Topology-Augmented Random Forest (10 s RSSI summary + floor-plan graph features),event_random,Event-group random 70/30 + 59 s purge,516,0.15555555555555556,0.3478327964999673,0.10769230769230768,0.24080732065382351,0.12727272727272726,0.28459046986360953,14.0,2.6
rf_topology10,Topology-Augmented Random Forest (10 s RSSI summary + floor-plan graph features),event_random,Event-group random 70/30 + 59 s purge,517,0.5281997876337499,0.31439079729179814,0.18065268065268067,0.11964361308245412,0.2607743730700057,0.16368613451284864,69.8,26.4
rf_topology10,Topology-Augmented Random Forest (10 s RSSI summary + floor-plan graph features),event_random,Event-group random 70/30 + 59 s purge,518,0.1,0.223606797749979,0.010256410256410256,0.022934030538459382,0.018604651162790697,0.041601264697670504,61.6,2.2
rf_topology10,Topology-Augmented Random Forest (10 s RSSI summary + floor-plan graph features),event_random,Event-group random 70/30 + 59 s purge,520,0.7444579272821332,0.21053453397282873,0.4940849819172678,0.02729088484818207,0.5844478711776763,0.09438503297799118,549.4,375.8
rf_topology10,Topology-Augmented Random Forest (10 s RSSI summary + floor-plan graph features),event_random,Event-group random 70/30 + 59 s purge,521,0.0,0.0,0.0,0.0,0.0,0.0,0.0,1454.0
rf_topology10,Topology-Augmented Random Forest (10 s RSSI summary + floor-plan graph features),event_random,Event-group random 70/30 + 59 s purge,522,0.6307252322636676,0.4034162499985525,0.3853944762988321,0.22775482732031258,0.37450121832016114,0.26950308869057216,279.8,127.8
rf_topology10,Topology-Augmented Random Forest (10 s RSSI summary + floor-plan graph features),event_random,Event-group random 70/30 + 59 s purge,523,0.4362348310819719,0.07653423281240478,0.5960505264803087,0.45050227902045725,0.43853568978781504,0.25751769167882776,2148.8,3500.2
rf_topology10,Topology-Augmented Random Forest (10 s RSSI summary + floor-plan graph features),event_random,Event-group random 70/30 + 59 s purge,cafeteria,0.44563543572229525,0.17278007633057016,0.3521948603159938,0.028477003451390977,0.37572531114945606,0.06333713606524416,1879.0,1518.4
rf_topology10,Topology-Augmented Random Forest (10 s RSSI summary + floor-plan graph features),event_random,Event-group random 70/30 + 59 s purge,cleaning,0.3871382012343111,0.19355386594785537,0.19974883186319034,0.11209217271507746,0.2376233737687794,0.07666008836335615,513.8,244.4
rf_topology10,Topology-Augmented Random Forest (10 s RSSI summary + floor-plan graph features),event_random,Event-group random 70/30 + 59 s purge,hallway,0.27806565984930814,0.16834467800622988,0.08656238179277169,0.06617012783250248,0.10879137707969892,0.05456641873116933,461.0,123.8
rf_topology10,Topology-Augmented Random Forest (10 s RSSI summary + floor-plan graph features),event_random,Event-group random 70/30 + 59 s purge,kitchen,0.6404895556698423,0.1875203807476069,0.42591937993569023,0.05247276610511497,0.5017421866498651,0.07858422616956397,2821.0,1931.0
rf_topology10,Topology-Augmented Random Forest (10 s RSSI summary + floor-plan graph features),event_random,Event-group random 70/30 + 59 s purge,nurse station,0.7991451109865332,0.04408471325212345,0.8160729842690968,0.0693831390570778,0.8066478769053734,0.049021621132938044,3837.6,3913.8
ensemble_calibrated,Calibrated Multi-Resolution RF-XGBoost Ensemble (11 s temporal voting),event_random,Event-group random 70/30 + 59 s purge,501,0.21175141242937853,0.28996604797614034,0.07117117117117118,0.10114593798586927,0.10566657541746509,0.14792708615539382,188.4,60.2
ensemble_calibrated,Calibrated Multi-Resolution RF-XGBoost Ensemble (11 s temporal voting),event_random,Event-group random 70/30 + 59 s purge,502,0.20303030303030303,0.44556790971424975,0.0525712763122835,0.11555259336661833,0.083515731874145,0.18351402379189932,125.8,39.2
ensemble_calibrated,Calibrated Multi-Resolution RF-XGBoost Ensemble (11 s temporal voting),event_random,Event-group random 70/30 + 59 s purge,503,0.6,0.5477225575051662,0.24870056497175144,0.2946701147983424,0.32882509127115833,0.3691862293159491,103.4,27.6
ensemble_calibrated,Calibrated Multi-Resolution RF-XGBoost Ensemble (11 s temporal voting),event_random,Event-group random 70/30 + 59 s purge,505,0.0,0.0,0.0,0.0,0.0,0.0,9.0,36.8
ensemble_calibrated,Calibrated Multi-Resolution RF-XGBoost Ensemble (11 s temporal voting),event_random,Event-group random 70/30 + 59 s purge,506,0.1811689070718878,0.3719361013843452,0.2748091603053435,0.43655179781473946,0.1267068985918826,0.22462020037685815,40.6,74.4
ensemble_calibrated,Calibrated Multi-Resolution RF-XGBoost Ensemble (11 s temporal voting),event_random,Event-group random 70/30 + 59 s purge,508,0.22424242424242422,0.43682635399496705,0.1683080808080808,0.28576791781400135,0.18808672499049067,0.34506002414235376,55.6,51.0
ensemble_calibrated,Calibrated Multi-Resolution RF-XGBoost Ensemble (11 s temporal voting),event_random,Event-group random 70/30 + 59 s purge,510,0.0,0.0,0.0,0.0,0.0,0.0,0.0,32.0
ensemble_calibrated,Calibrated Multi-Resolution RF-XGBoost Ensemble (11 s temporal voting),event_random,Event-group random 70/30 + 59 s purge,511,0.172118327099626,0.2545949612972952,0.23672014260249555,0.3411921395530578,0.1991128254580521,0.2912482380458215,65.0,60.4
ensemble_calibrated,Calibrated Multi-Resolution RF-XGBoost Ensemble (11 s temporal voting),event_random,Event-group random 70/30 + 59 s purge,512,0.6561098003752258,0.3544807231185684,0.4562625826862237,0.17890447102137672,0.5267852458192936,0.2508520539434792,377.0,276.6
ensemble_calibrated,Calibrated Multi-Resolution RF-XGBoost Ensemble (11 s temporal voting),event_random,Event-group random 70/30 + 59 s purge,513,0.12505086733845894,0.12974027510746522,0.3102197802197802,0.39986820072309204,0.13194748430751124,0.11480286579663355,210.0,331.6
ensemble_calibrated,Calibrated Multi-Resolution RF-XGBoost Ensemble (11 s temporal voting),event_random,Event-group random 70/30 + 59 s purge,515,0.6709874778986122,0.3206433966137961,0.12842809364548496,0.05952801461213911,0.19422111594947145,0.07080885557629817,299.0,83.4
ensemble_calibrated,Calibrated Multi-Resolution RF-XGBoost Ensemble (11 s temporal voting),event_random,Event-group random 70/30 + 59 s purge,516,0.11041666666666665,0.15652753130218194,0.24700854700854702,0.37488157723000115,0.15165217391304348,0.21916976872650457,14.0,32.0
ensemble_calibrated,Calibrated Multi-Resolution RF-XGBoost Ensemble (11 s temporal voting),event_random,Event-group random 70/30 + 59 s purge,517,0.37861309817029376,0.39019726470190774,0.29611499611499614,0.22878424708196385,0.22437766060585265,0.13721928470706904,69.8,89.0
ensemble_calibrated,Calibrated Multi-Resolution RF-XGBoost Ensemble (11 s temporal voting),event_random,Event-group random 70/30 + 59 s purge,518,0.07172490958860317,0.06886852059404337,0.06363636363636363,0.058828086843385384,0.06717579256828794,0.06293965109386129,61.6,64.4
ensemble_calibrated,Calibrated Multi-Resolution RF-XGBoost Ensemble (11 s temporal voting),event_random,Event-group random 70/30 + 59 s purge,520,0.8063322917119665,0.1850393964745156,0.583522273443597,0.07595907655203407,0.6591675089419812,0.05513628439268875,549.4,405.4
ensemble_calibrated,Calibrated Multi-Resolution RF-XGBoost Ensemble (11 s temporal voting),event_random,Event-group random 70/30 + 59 s purge,521,0.0,0.0,0.0,0.0,0.0,0.0,0.0,79.8
ensemble_calibrated,Calibrated Multi-Resolution RF-XGBoost Ensemble (11 s temporal voting),event_random,Event-group random 70/30 + 59 s purge,522,0.6483579755397926,0.4361157829221348,0.4877600101261551,0.2313872725398065,0.45220705668865585,0.3096070583563636,279.8,168.2
ensemble_calibrated,Calibrated Multi-Resolution RF-XGBoost Ensemble (11 s temporal voting),event_random,Event-group random 70/30 + 59 s purge,523,0.4991163843433786,0.19079092297626138,0.8892132683310614,0.08471496361494667,0.6261299177605583,0.18106347448334623,2148.8,3619.0
ensemble_calibrated,Calibrated Multi-Resolution RF-XGBoost Ensemble (11 s temporal voting),event_random,Event-group random 70/30 + 59 s purge,cafeteria,0.4837237694879729,0.19992200194178483,0.4415850185888468,0.0659017308893413,0.43871075102026724,0.08356474769361395,1879.0,1735.4
ensemble_calibrated,Calibrated Multi-Resolution RF-XGBoost Ensemble (11 s temporal voting),event_random,Event-group random 70/30 + 59 s purge,cleaning,0.5042341808266373,0.16447269910066473,0.34819362165345724,0.1761257655099385,0.36862044993581417,0.14337452275831966,513.8,316.6
ensemble_calibrated,Calibrated Multi-Resolution RF-XGBoost Ensemble (11 s temporal voting),event_random,Event-group random 70/30 + 59 s purge,hallway,0.30054750315549006,0.19128767520160217,0.11684490432509365,0.12413331328506641,0.12021505530067218,0.04965433089416783,461.0,138.2
ensemble_calibrated,Calibrated Multi-Resolution RF-XGBoost Ensemble (11 s temporal voting),event_random,Event-group random 70/30 + 59 s purge,kitchen,0.6761006540239782,0.1673138237392446,0.5301116308354379,0.05015294849125878,0.585265677546747,0.07649245978112718,2821.0,2253.8
ensemble_calibrated,Calibrated Multi-Resolution RF-XGBoost Ensemble (11 s temporal voting),event_random,Event-group random 70/30 + 59 s purge,nurse station,0.8174567601318061,0.024831972043442056,0.8784042898055409,0.0564794062402183,0.8462236028852018,0.0332332974270679,3837.6,4134.6
ensemble_room510,Calibrated Multi-Resolution RF-XGBoost Ensemble + class-510 probability recovery,event_random,Event-group random 70/30 + 59 s purge,501,0.21175141242937853,0.28996604797614034,0.07117117117117118,0.10114593798586927,0.10566657541746509,0.14792708615539382,188.4,60.2
ensemble_room510,Calibrated Multi-Resolution RF-XGBoost Ensemble + class-510 probability recovery,event_random,Event-group random 70/30 + 59 s purge,502,0.20303030303030303,0.44556790971424975,0.0525712763122835,0.11555259336661833,0.083515731874145,0.18351402379189932,125.8,39.2
ensemble_room510,Calibrated Multi-Resolution RF-XGBoost Ensemble + class-510 probability recovery,event_random,Event-group random 70/30 + 59 s purge,503,0.6,0.5477225575051662,0.24870056497175144,0.2946701147983424,0.32882509127115833,0.3691862293159491,103.4,27.6
ensemble_room510,Calibrated Multi-Resolution RF-XGBoost Ensemble + class-510 probability recovery,event_random,Event-group random 70/30 + 59 s purge,505,0.0,0.0,0.0,0.0,0.0,0.0,9.0,36.8
ensemble_room510,Calibrated Multi-Resolution RF-XGBoost Ensemble + class-510 probability recovery,event_random,Event-group random 70/30 + 59 s purge,506,0.1811689070718878,0.3719361013843452,0.2748091603053435,0.43655179781473946,0.1267068985918826,0.22462020037685815,40.6,74.4
ensemble_room510,Calibrated Multi-Resolution RF-XGBoost Ensemble + class-510 probability recovery,event_random,Event-group random 70/30 + 59 s purge,508,0.21424242424242426,0.4146363758169281,0.1683080808080808,0.28576791781400135,0.18482861400894185,0.3378996745853208,55.6,52.0
ensemble_room510,Calibrated Multi-Resolution RF-XGBoost Ensemble + class-510 probability recovery,event_random,Event-group random 70/30 + 59 s purge,510,0.0,0.0,0.0,0.0,0.0,0.0,0.0,45.2
ensemble_room510,Calibrated Multi-Resolution RF-XGBoost Ensemble + class-510 probability recovery,event_random,Event-group random 70/30 + 59 s purge,511,0.16623093681917211,0.24328499115340052,0.22005347593582886,0.31101440613328946,0.18895558223289316,0.2721750972704409,65.0,58.2
ensemble_room510,Calibrated Multi-Resolution RF-XGBoost Ensemble + class-510 probability recovery,event_random,Event-group random 70/30 + 59 s purge,512,0.6561098003752258,0.3544807231185684,0.4562625826862237,0.17890447102137672,0.5267852458192936,0.2508520539434792,377.0,276.6
ensemble_room510,Calibrated Multi-Resolution RF-XGBoost Ensemble + class-510 probability recovery,event_random,Event-group random 70/30 + 59 s purge,513,0.12505086733845894,0.12974027510746522,0.3102197802197802,0.39986820072309204,0.13194748430751124,0.11480286579663355,210.0,331.6
ensemble_room510,Calibrated Multi-Resolution RF-XGBoost Ensemble + class-510 probability recovery,event_random,Event-group random 70/30 + 59 s purge,515,0.6709874778986122,0.3206433966137961,0.12842809364548496,0.05952801461213911,0.19422111594947145,0.07080885557629817,299.0,83.4
ensemble_room510,Calibrated Multi-Resolution RF-XGBoost Ensemble + class-510 probability recovery,event_random,Event-group random 70/30 + 59 s purge,516,0.11041666666666665,0.15652753130218194,0.24700854700854702,0.37488157723000115,0.15165217391304348,0.21916976872650457,14.0,32.0
ensemble_room510,Calibrated Multi-Resolution RF-XGBoost Ensemble + class-510 probability recovery,event_random,Event-group random 70/30 + 59 s purge,517,0.37861309817029376,0.39019726470190774,0.29611499611499614,0.22878424708196385,0.22437766060585265,0.13721928470706904,69.8,89.0
ensemble_room510,Calibrated Multi-Resolution RF-XGBoost Ensemble + class-510 probability recovery,event_random,Event-group random 70/30 + 59 s purge,518,0.07172490958860317,0.06886852059404337,0.06363636363636363,0.058828086843385384,0.06717579256828794,0.06293965109386129,61.6,64.4
ensemble_room510,Calibrated Multi-Resolution RF-XGBoost Ensemble + class-510 probability recovery,event_random,Event-group random 70/30 + 59 s purge,520,0.8080424712607632,0.17804888005816938,0.576081200359126,0.07732490349473883,0.6554186434037994,0.04771675665550732,549.4,398.4
ensemble_room510,Calibrated Multi-Resolution RF-XGBoost Ensemble + class-510 probability recovery,event_random,Event-group random 70/30 + 59 s purge,521,0.0,0.0,0.0,0.0,0.0,0.0,0.0,74.6
ensemble_room510,Calibrated Multi-Resolution RF-XGBoost Ensemble + class-510 probability recovery,event_random,Event-group random 70/30 + 59 s purge,522,0.6483579755397926,0.4361157829221348,0.48737465367143445,0.23217830722098487,0.4515780610819295,0.31026328477371595,279.8,168.0
ensemble_room510,Calibrated Multi-Resolution RF-XGBoost Ensemble + class-510 probability recovery,event_random,Event-group random 70/30 + 59 s purge,523,0.4990688066284112,0.19077475764713625,0.8892132683310614,0.08471496361494667,0.6260923003129021,0.18104614966440882,2148.8,3619.4
ensemble_room510,Calibrated Multi-Resolution RF-XGBoost Ensemble + class-510 probability recovery,event_random,Event-group random 70/30 + 59 s purge,cafeteria,0.4837237694879729,0.19992200194178483,0.4415850185888468,0.0659017308893413,0.43871075102026724,0.08356474769361395,1879.0,1735.4
ensemble_room510,Calibrated Multi-Resolution RF-XGBoost Ensemble + class-510 probability recovery,event_random,Event-group random 70/30 + 59 s purge,cleaning,0.5042341808266373,0.16447269910066473,0.34819362165345724,0.1761257655099385,0.36862044993581417,0.14337452275831966,513.8,316.6
ensemble_room510,Calibrated Multi-Resolution RF-XGBoost Ensemble + class-510 probability recovery,event_random,Event-group random 70/30 + 59 s purge,hallway,0.30054750315549006,0.19128767520160217,0.11684490432509365,0.12413331328506641,0.12021505530067218,0.04965433089416783,461.0,138.2
ensemble_room510,Calibrated Multi-Resolution RF-XGBoost Ensemble + class-510 probability recovery,event_random,Event-group random 70/30 + 59 s purge,kitchen,0.6761006540239782,0.1673138237392446,0.5301116308354379,0.05015294849125878,0.585265677546747,0.07649245978112718,2821.0,2253.8
ensemble_room510,Calibrated Multi-Resolution RF-XGBoost Ensemble + class-510 probability recovery,event_random,Event-group random 70/30 + 59 s purge,nurse station,0.8174567601318061,0.024831972043442056,0.8784042898055409,0.0564794062402183,0.8462236028852018,0.0332332974270679,3837.6,4134.6
ensemble_class_aware,Calibrated Multi-Resolution RF-XGBoost Ensemble + class-510 recovery + class-518-weighted temporal voting,event_random,Event-group random 70/30 + 59 s purge,501,0.21175141242937853,0.28996604797614034,0.07117117117117118,0.10114593798586927,0.10566657541746509,0.14792708615539382,188.4,60.2
ensemble_class_aware,Calibrated Multi-Resolution RF-XGBoost Ensemble + class-510 recovery + class-518-weighted temporal voting,event_random,Event-group random 70/30 + 59 s purge,502,0.20303030303030303,0.44556790971424975,0.0525712763122835,0.11555259336661833,0.083515731874145,0.18351402379189932,125.8,39.2
ensemble_class_aware,Calibrated Multi-Resolution RF-XGBoost Ensemble + class-510 recovery + class-518-weighted temporal voting,event_random,Event-group random 70/30 + 59 s purge,503,0.6,0.5477225575051662,0.24870056497175144,0.2946701147983424,0.32882509127115833,0.3691862293159491,103.4,27.6
ensemble_class_aware,Calibrated Multi-Resolution RF-XGBoost Ensemble + class-510 recovery + class-518-weighted temporal voting,event_random,Event-group random 70/30 + 59 s purge,505,0.0,0.0,0.0,0.0,0.0,0.0,9.0,36.8
ensemble_class_aware,Calibrated Multi-Resolution RF-XGBoost Ensemble + class-510 recovery + class-518-weighted temporal voting,event_random,Event-group random 70/30 + 59 s purge,506,0.1811689070718878,0.3719361013843452,0.2748091603053435,0.43655179781473946,0.1267068985918826,0.22462020037685815,40.6,74.4
ensemble_class_aware,Calibrated Multi-Resolution RF-XGBoost Ensemble + class-510 recovery + class-518-weighted temporal voting,event_random,Event-group random 70/30 + 59 s purge,508,0.19666666666666666,0.42137341581494625,0.1410353535353535,0.29062203609761583,0.16343001261034046,0.34434294793132997,55.6,50.2
ensemble_class_aware,Calibrated Multi-Resolution RF-XGBoost Ensemble + class-510 recovery + class-518-weighted temporal voting,event_random,Event-group random 70/30 + 59 s purge,510,0.0,0.0,0.0,0.0,0.0,0.0,0.0,45.2
ensemble_class_aware,Calibrated Multi-Resolution RF-XGBoost Ensemble + class-510 recovery + class-518-weighted temporal voting,event_random,Event-group random 70/30 + 59 s purge,511,0.16623093681917211,0.24328499115340052,0.22005347593582886,0.31101440613328946,0.18895558223289316,0.2721750972704409,65.0,58.2
ensemble_class_aware,Calibrated Multi-Resolution RF-XGBoost Ensemble + class-510 recovery + class-518-weighted temporal voting,event_random,Event-group random 70/30 + 59 s purge,512,0.6561098003752258,0.3544807231185684,0.4562625826862237,0.17890447102137672,0.5267852458192936,0.2508520539434792,377.0,276.6
ensemble_class_aware,Calibrated Multi-Resolution RF-XGBoost Ensemble + class-510 recovery + class-518-weighted temporal voting,event_random,Event-group random 70/30 + 59 s purge,513,0.12505086733845894,0.12974027510746522,0.3102197802197802,0.39986820072309204,0.13194748430751124,0.11480286579663355,210.0,331.6
ensemble_class_aware,Calibrated Multi-Resolution RF-XGBoost Ensemble + class-510 recovery + class-518-weighted temporal voting,event_random,Event-group random 70/30 + 59 s purge,515,0.6709874778986122,0.3206433966137961,0.12842809364548496,0.05952801461213911,0.19422111594947145,0.07080885557629817,299.0,83.4
ensemble_class_aware,Calibrated Multi-Resolution RF-XGBoost Ensemble + class-510 recovery + class-518-weighted temporal voting,event_random,Event-group random 70/30 + 59 s purge,516,0.11041666666666665,0.15652753130218194,0.24700854700854702,0.37488157723000115,0.15165217391304348,0.21916976872650457,14.0,32.0
ensemble_class_aware,Calibrated Multi-Resolution RF-XGBoost Ensemble + class-510 recovery + class-518-weighted temporal voting,event_random,Event-group random 70/30 + 59 s purge,517,0.37861309817029376,0.39019726470190774,0.29611499611499614,0.22878424708196385,0.22437766060585265,0.13721928470706904,69.8,89.0
ensemble_class_aware,Calibrated Multi-Resolution RF-XGBoost Ensemble + class-510 recovery + class-518-weighted temporal voting,event_random,Event-group random 70/30 + 59 s purge,518,0.11043054637419678,0.07443248012446456,0.17400932400932398,0.10395186665425094,0.13020238756089206,0.078510852556652,61.6,103.8
ensemble_class_aware,Calibrated Multi-Resolution RF-XGBoost Ensemble + class-510 recovery + class-518-weighted temporal voting,event_random,Event-group random 70/30 + 59 s purge,520,0.8101962207061122,0.19191958639513731,0.5462279395041643,0.05534927778300464,0.6366797137906793,0.05477194037527498,549.4,379.8
ensemble_class_aware,Calibrated Multi-Resolution RF-XGBoost Ensemble + class-510 recovery + class-518-weighted temporal voting,event_random,Event-group random 70/30 + 59 s purge,521,0.0,0.0,0.0,0.0,0.0,0.0,0.0,74.6
ensemble_class_aware,Calibrated Multi-Resolution RF-XGBoost Ensemble + class-510 recovery + class-518-weighted temporal voting,event_random,Event-group random 70/30 + 59 s purge,522,0.6490436363973882,0.43671016760467085,0.48737465367143445,0.23217830722098487,0.4518008308527467,0.31054604480864045,279.8,167.8
ensemble_class_aware,Calibrated Multi-Resolution RF-XGBoost Ensemble + class-510 recovery + class-518-weighted temporal voting,event_random,Event-group random 70/30 + 59 s purge,523,0.4999376332760474,0.1909875993060177,0.8892132683310614,0.08471496361494667,0.6268020360921239,0.18105260077380547,2148.8,3613.2
ensemble_class_aware,Calibrated Multi-Resolution RF-XGBoost Ensemble + class-510 recovery + class-518-weighted temporal voting,event_random,Event-group random 70/30 + 59 s purge,cafeteria,0.4838178509611918,0.19978874620266085,0.4415850185888468,0.0659017308893413,0.43879432801933527,0.08344492745222727,1879.0,1734.6
ensemble_class_aware,Calibrated Multi-Resolution RF-XGBoost Ensemble + class-510 recovery + class-518-weighted temporal voting,event_random,Event-group random 70/30 + 59 s purge,cleaning,0.5089320056008539,0.1669711638036302,0.34819362165345724,0.1761257655099385,0.3706835442617046,0.14502391883677837,513.8,313.4
ensemble_class_aware,Calibrated Multi-Resolution RF-XGBoost Ensemble + class-510 recovery + class-518-weighted temporal voting,event_random,Event-group random 70/30 + 59 s purge,hallway,0.30054750315549006,0.19128767520160217,0.11684490432509365,0.12413331328506641,0.12021505530067218,0.04965433089416783,461.0,138.2
ensemble_class_aware,Calibrated Multi-Resolution RF-XGBoost Ensemble + class-510 recovery + class-518-weighted temporal voting,event_random,Event-group random 70/30 + 59 s purge,kitchen,0.6769923000266209,0.16756208042668544,0.5301116308354379,0.05015294849125878,0.5856055136814688,0.07647055500794767,2821.0,2251.4
ensemble_class_aware,Calibrated Multi-Resolution RF-XGBoost Ensemble + class-510 recovery + class-518-weighted temporal voting,event_random,Event-group random 70/30 + 59 s purge,nurse station,0.8178590878425451,0.024449985735554805,0.8772449500361938,0.05735119694815279,0.8458788084826214,0.0334429724680001,3837.6,4128.4
